kodebrg;namabrg;satuanbrg;konversi1;konversi2;ukuranbrg;hargabrg;bagian;flagtampil;flagtampil2;stokawal;stokminimum;kodeklp;hargabeli;hargabrg2;hargabrg3;hargabrg4;hargabrg5;stokratarata
1;AIR GULA;BTL-15;1250;1;-;20000;PRODUCTION;YA;YA;0;0;26;15330;0;0;0;0;
2;CHOCOLATE SMOOTHIES;BIN - 13000;13000;500;-;250000;PRODUCTION;TDK;TDK;0;0;19;0;0;0;0;0;
3;GUODONG CHAMPAGNE GRAPE;CUP;1;1;-;15000;PRODUCTION;YA;TDK;0;0;21;2000;0;0;0;0;
4;GUODONG GREEN APPLE;CUP;1;1;-;15000;PRODUCTION;YA;YA;0;0;21;2000;0;0;0;0;
5;GUODONG RAINBOW;CUP;1;1;-;15000;PRODUCTION;YA;TDK;0;0;21;2000;0;0;0;0;
6;ICE CUBE LARGE;20 KG;1;1;-;12000;PRODUCTION;YA;YA;0;0;26;15000;0;0;0;0;
7;ICE CUBE SMALL;10 KG;1;1;-;8000;PRODUCTION;YA;TDK;0;0;26;0;0;0;0;0;
8;JASMINE MILK;BIN-14;14000;500;-;250000;PRODUCTION;YA;YA;0;0;18;154000;0;0;0;0;
9;JASMINE MILK;BOTOL - 1500;14000;500;-;30000;PRODUCTION;YA;TDK;0;0;18;16500;0;0;0;0;
10;JASMINE MILK;BOTOL - 600;14000;500;-;12000;PRODUCTION;TDK;TDK;0;0;18;6600;0;0;0;0;
11;JASMINE TEA;BIN-14;14000;500;-;150000;PRODUCTION;YA;YA;0;0;18;42000;0;0;0;0;
12;JASMINE TEA;BOTOL - 1500;14000;500;-;14000;PRODUCTION;YA;TDK;0;0;18;4500;0;0;0;0;
13;JASMINE TEA;BOTOL - 600;14000;500;-;6000;PRODUCTION;TDK;TDK;0;0;18;1800;0;0;0;0;
14;KONYAKU GRAPE;BOX - 3L;70;1;-;70000;PRODUCTION;YA;TDK;0;0;26;0;0;0;0;0;
15;KONYAKU LYCHEE;BOX - 3L;70;1;-;70000;PRODUCTION;YA;TDK;0;0;26;0;0;0;0;0;
16;KONYAKU NATURAL;BOX-3L;70;1;-;70000;PRODUCTION;YA;YA;0;0;26;36000;0;0;0;0;
17;MJP ALMOND;CUP;1;1;-;9000;PRODUCTION;YA;TDK;0;0;21;4000;0;0;0;0;
18;MJP CHOCOLATE;CUP;1;1;-;9000;PRODUCTION;YA;YA;0;0;21;4000;0;0;0;0;
19;MJP MELON;CUP;1;1;-;9000;PRODUCTION;YA;YA;0;0;21;4000;0;0;0;0;
20;MJP STRAWBERRY;CUP;1;1;-;9000;PRODUCTION;YA;TDK;0;0;21;4000;0;0;0;0;
21;MJP TARO;CUP;1;1;-;9000;PRODUCTION;YA;YA;0;0;21;4000;0;0;0;0;
22;NATURAL SHAKE;BIN-13;13000;500;-;225000;PRODUCTION;YA;YA;0;0;19;91000;0;0;0;0;
23;PEARL;CUP;1;1;-;12000;PRODUCTION;YA;YA;0;0;26;2000;0;0;0;0;
24;PEARL MINI;CUP;12;1;-;20000;PRODUCTION;YA;TDK;0;0;26;2000;0;0;0;0;
25;PUDDING ALMOND;PAN 1/3;70;1;-;55000;PRODUCTION;YA;TDK;0;0;20;0;0;0;0;0;
26;PUDDING CHOCOLATE;PAN 1/3;70;1;-;55000;PRODUCTION;YA;YA;0;0;20;30000;0;0;0;0;
27;PUDDING MELON;PAN 1/3;70;1;-;55000;PRODUCTION;YA;TDK;0;0;20;0;0;0;0;0;
28;PUDDING STRAWBERRY;PAN 1/3;36;1;-;55000;PRODUCTION;YA;TDK;0;0;20;0;0;0;0;0;
29;PUDDING TARO;PAN 1/3;70;1;-;55000;PRODUCTION;YA;YA;0;0;20;45000;0;0;0;0;
30;PULP CHAMPAGNE GRAPE;CUP 500;20;1;-;50000;PRODUCTION;TDK;TDK;0;0;26;0;0;0;0;0;
31;PULP APPLE;CUP 500;20;1;-;50000;PRODUCTION;TDK;TDK;0;0;26;0;0;0;0;0;
32;PULP LYCHEE;CUP 500;20;1;-;50000;PRODUCTION;TDK;TDK;0;0;26;0;0;0;0;0;
33;PULP RAINBOW;CUP 500;20;1;-;50000;PRODUCTION;YA;YA;0;0;26;0;0;0;0;0;
34;RED MILK TEA;BIN-14;14000;500;-;275000;PRODUCTION;YA;YA;0;0;18;126000;0;0;0;0;
35;RED MILK TEA;BOTOL - 1500;14000;500;-;30000;PRODUCTION;TDK;TDK;0;0;18;13500;0;0;0;0;
36;RED MILK TEA;BOTOL - 600;14000;500;-;12000;PRODUCTION;TDK;TDK;0;0;18;5400;0;0;0;0;
37;RED TEA;BIN - 14000;14000;500;-;110000;PRODUCTION;YA;TDK;0;0;18;0;0;0;0;0;
38;RED TEA;BOTOL - 1500;14000;500;-;12000;PRODUCTION;TDK;TDK;0;0;18;0;0;0;0;0;
39;RED TEA;BOTOL - 600;14000;500;-;5000;PRODUCTION;TDK;TDK;0;0;18;0;0;0;0;0;
40;SLUSH CHAMPAGNE GRAPE;BIN - 13000;13000;500;-;150000;PRODUCTION;YA;TDK;0;0;19;130000;0;0;0;0;
41;SLUSH COFFEE;BIN-13;1;1;-;250000;PRODUCTION;YA;YA;0;0;19;93000;0;0;0;0;
42;SLUSH GREEN APPLE;BIN - 13000;13000;500;-;150000;PRODUCTION;YA;TDK;0;1;19;130000;0;0;0;0;
43;SLUSH KIWI;BIN-13;13000;500;-;150000;PRODUCTION;YA;YA;0;0;19;130000;0;0;0;0;
44;SLUSH LYCHEE;BIN-13;13000;500;-;150000;PRODUCTION;YA;YA;0;0;19;130000;0;0;0;0;
45;SLUSH PEACH;BIN-13;13000;500;-;150000;PRODUCTION;YA;YA;0;0;19;130000;0;0;0;0;
46;SLUSH STRAWBERRY;BIN-13;13000;500;-;150000;PRODUCTION;YA;YA;0;0;19;130000;0;0;0;0;
47;TARO MILK;BIN-14;14000;500;-;300000;PRODUCTION;YA;YA;0;0;18;210000;0;0;0;0;
48;TARO MILK;BOTOL - 1500;14000;500;-;33000;PRODUCTION;TDK;TDK;0;0;18;22500;0;0;0;0;
49;TARO MILK;BOTOL - 600;14000;500;-;13000;PRODUCTION;TDK;TDK;0;0;18;9000;0;0;0;0;
50;AMPLOP 1/3 A4;30 LBR;1;1;-;5000;WAREHOUSE;YA;YA;4;18,305085;28;7300;0;0;0;0;0,313
51;BALLPEN;PC;1;1;-;5000;WAREHOUSE;YA;YA;22;2,459016;11;1266;0;0;0;0;0,05
52;BALON;BAG;1;1;-;50000;WAREHOUSE;YA;YA;9;1,758242;11;30000;0;0;0;0;0,017
53;XXXXX BIG STRAW LOGO XXXXX;PACK 100;1;1;-;17500;WAREHOUSE;TDK;TDK;297;0,070175;9;13500;0;0;0;0;0,07
54;BIG STRAW NON LOGO;PACK-100;1;1;-;17500;WAREHOUSE;YA;YA;0;132,711864;9;11400;0;0;0;0;2,813
55;BOX MJP;SET;1;1;-;10000;WAREHOUSE;TDK;TDK;88;0,666667;9;8000;0;0;0;0;
56;BUKU NOTA;BUAH;1;1;-;10000;WAREHOUSE;YA;TDK;6;1;11;10000;0;0;0;0;
57;CHOCO BALLS;BAG-55GR;12;1;-;10000;WAREHOUSE;YA;TDK;16;19,830508;28;6500;0;0;0;0;0,375
58;CUP 360;SLP-500;50;1;-;30000;WAREHOUSE;YA;YA;47;0;9;20000;0;0;0;0;
59;CUP 400 T;SLP-50;50;1;-;50000;WAREHOUSE;YA;TDK;130;25,081967;9;35000;0;0;0;0;0,455
60;CUP 500 T;SLP-50;50;1;-;60000;WAREHOUSE;YA;TDK;477;32,79661;27;40058;0;0;0;0;0,063
61;CUP TESTER;SLP-100;100;1;-;15000;WAREHOUSE;YA;YA;1;10,677966;9;11500;0;0;0;0;0,125
62;FORM CASHIER TRANSFER;BUKU;1;1;-;15000;WAREHOUSE;YA;YA;0;9,533898;13;12000;0;0;0;0;0,188
63;FORM CLOSING DAY CHECK LIST;PACK - 30;1;1;-;9000;WAREHOUSE;TDK;TDK;8;30;13;3000;0;0;0;0;
64;FORM COUNTER DAMAGE;PACK - 30;1;1;-;9000;WAREHOUSE;TDK;TDK;5;0;13;9000;0;0;0;0;
65;FORM ISTIRAHAT;PACK - 10;1;1;-;9000;WAREHOUSE;TDK;TDK;3;0;13;2000;0;0;0;0;
66;FORM OPENING DAY CHECK LIST;PACK - 30;1;1;-;9000;WAREHOUSE;TDK;TDK;8;30;13;3000;0;0;0;0;
67;FORM ORDER CANCELLATION;PACK - 30;1;1;-;9000;WAREHOUSE;TDK;TDK;0;0;13;9000;0;0;0;0;
68;FORM REKAP ORDER QUICKLY;PACK - 30;1;1;-;9000;WAREHOUSE;TDK;TDK;6;0,978261;13;5250;0;0;0;0;0,005
69;FORM RETURN;PACK - 30;1;1;-;9000;WAREHOUSE;TDK;TDK;0;0;13;9000;0;0;0;0;
70;FORM STOCK HARIAN Q;PACK-10;1;1;-;9000;WAREHOUSE;YA;YA;6;36,228814;13;6000;0;0;0;0;1,063
71;FORM STOCK OPNAME BULANAN;PACK - 30;1;1;-;9000;WAREHOUSE;TDK;TDK;0;0;13;9000;0;0;0;0;
72;FRUIT COCKTAIL;KALENG;15;1;-;50000;WAREHOUSE;TDK;TDK;12;0;7;65000;0;0;0;0;0
73;FRUIT LONGAN;KALENG;40;1;-;30000;WAREHOUSE;YA;TDK;8;0;7;27000;0;0;0;0;0,006
74;GUEST COMMENT CARD;PACK - 100;1;1;-;30000;WAREHOUSE;TDK;YA;13;6;13;15000;0;0;0;0;
75;HAND GLOVE;PACK;1;1;-;30000;WAREHOUSE;YA;YA;8;19,449153;9;9500;0;0;0;0;0,375
76;ISI STAPLER KECIL;PC;1;1;-;10000;WAREHOUSE;YA;YA;21;3,050847;11;3500;0;0;0;0;0,188
77;ISOLASI KECIL;PC;1;1;-;10000;WAREHOUSE;YA;TDK;12;1;11;4000;0;0;0;0;
78;KERTAS A4;PACK-30;1;1;-;5000;WAREHOUSE;YA;TDK;0;34;11;0;0;0;0;0;
79;KERTAS FAX;ROLL;1;1;-;20000;WAREHOUSE;YA;TDK;9;1;11;0;0;0;0;0;
80;KLINPAK;ROLL;1;1;-;15000;WAREHOUSE;YA;YA;4;5,720339;9;171000;0;0;0;0;0,125
81;MINERAL WATER;GALON;1;1;-;10000;WAREHOUSE;YA;YA;6;104,872881;7;8000;0;0;0;0;2,063
82;OREO CRUMB;BAG-250;250;8;-;50000;WAREHOUSE;YA;YA;0;37,754237;28;25000;0;0;0;0;0,875
83;PE MEMBRANE LOGO;ROLL;1;1;-;550000;WAREHOUSE;YA;YA;0;4,576271;9;275725;0;0;0;0;0,063
84;PE MEMBRANE NON LOGO;ROLL;1;1;-;375000;WAREHOUSE;YA;TDK;1;10;9;85000;0;0;0;0;
85;PLASTIK A1;IKAT;1;1;-;35000;WAREHOUSE;YA;YA;30;19,067797;9;30000;0;0;0;0;0,281
86;PLASTIK A2;IKAT;1;1;-;45000;WAREHOUSE;YA;YA;23;16,016949;9;33000;0;0;0;0;0,281
87;SABUN LANTAI MR.MUSCLE ;PACK-720ML;1;1;-;15000;WAREHOUSE;TDK;TDK;11;4;12;11000;0;0;0;0;0,089
88;SABUN SUNLIGHT;KANTONG;1;1;-;15000;WAREHOUSE;TDK;TDK;18;15;12;16500;0;0;0;0;0,089
89;SABUN SUPER PELL;KANTONG;1;1;-;15000;WAREHOUSE;TDK;TDK;9;0,983607;12;11000;0;0;0;0;0,018
90;SENDOK SLURP;PACK-100;1;1;-;25000;WAREHOUSE;YA;YA;6;0;9;18000;0;0;0;0;0,053
91;SIRUP BLUEBERRY;BTL-1250;1250;1;-;83000;WAREHOUSE;YA;YA;6;1,90678;28;71000;0;0;0;0;0,044
92;SIRUP BLUEBERRY;BTL-600;600;1;-;65000;WAREHOUSE;YA;TDK;1;0;28;0;0;0;0;0;
93;SIRUP CANTALOUPE;BTL-1250;1250;1;-;50000;WAREHOUSE;YA;YA;3;0;28;71000;0;0;0;0;0
94;SIRUP CANTALOUPE;BTL-600;600;1;-;45000;WAREHOUSE;YA;TDK;0;0;28;;0;0;0;0;
95;SIRUP CHAMPAGNE GRAPE;BTL-1250;1250;1;-;50000;WAREHOUSE;YA;YA;12;1,525424;28;71000;0;0;0;0;0,044
96;SIRUP CHAMPAGNE GRAPE;BTL-600;600;1;-;45000;WAREHOUSE;YA;TDK;0;0;28;0;0;0;0;0;
97;SIRUP CHOCOLATE;BTL-1250;1250;1;-;85000;PRODUCTION;YA;YA;14;60;26;62500;0;0;0;0;1,089
98;SIRUP GREEN APPLE;BTL-1250;1250;1;-;50000;WAREHOUSE;YA;YA;12;3,813559;28;71000;0;0;0;0;0,063
99;SIRUP GREEN APPLE;BTL-600;600;1;-;45000;WAREHOUSE;YA;TDK;0;0;28;0;0;0;0;0;
100;SIRUP KIWI;BTL-1250;1250;1;-;58000;WAREHOUSE;YA;YA;14;3,050847;28;71000;0;0;0;0;0,063
101;SIRUP KIWI;BTL-600;600;1;-;45000;WAREHOUSE;YA;TDK;0;0;28;0;0;0;0;0;
102;SIRUP LAVENDER;BTL-1250;1250;1;-;83000;WAREHOUSE;YA;YA;0;0;28;71000;0;0;0;0;
103;SIRUP LAVENDER;BTL-600;600;1;-;65000;WAREHOUSE;YA;TDK;0;0;28;0;0;0;0;0;
104;SIRUP LEMON;BTL-1250;1250;1;-;50000;WAREHOUSE;YA;YA;14;1;28;71000;0;0;0;0;
105;SIRUP LEMON;BOTOL - 600;600;1;-;45000;WAREHOUSE;TDK;TDK;0;0;28;0;0;0;0;0;
106;SIRUP LONGAN HONEY;BTL-1250;1250;1;-;58000;WAREHOUSE;YA;YA;5;0,305085;28;71000;0;0;0;0;0,009
107;SIRUP LONGAN HONEY;BOTOL - 600;600;1;-;60000;WAREHOUSE;TDK;TDK;0;0;28;0;0;0;0;0;
108;SIRUP LYCHEE;BTL-1250;1250;1;-;58000;WAREHOUSE;YA;YA;7;6,101695;28;82000;0;0;0;0;0,094
109;SIRUP LYCHEE;BOTOL - 600;600;1;-;45000;WAREHOUSE;TDK;TDK;0;0;28;0;0;0;0;0;
110;SIRUP MANDARIN;BOTOL - 1250;1250;1;-;75000;WAREHOUSE;YA;YA;0;0;28;71000;0;0;0;0;
111;SIRUP MANDARIN;BOTOL - 600;600;1;-;45000;WAREHOUSE;TDK;TDK;0;0;28;0;0;0;0;0;
112;SIRUP MANGO;BTL-1250;1250;1;-;50000;WAREHOUSE;YA;YA;13;7,901695;28;71000;0;0;0;0;0,094
113;SIRUP MANGO;BOTOL - 600;600;1;-;45000;WAREHOUSE;TDK;TDK;0;0;28;0;0;0;0;0;
114;SIRUP MIX FRUIT;BTL-1250;1250;1;-;75000;WAREHOUSE;YA;TDK;0;11,73913;28;71000;0;0;0;0;0,057
115;SIRUP MIX FRUIT;BOTOL - 600;600;1;-;45000;WAREHOUSE;TDK;TDK;0;0;28;0;0;0;0;0;
116;SIRUP ORANGE;BTL-1250;1250;1;-;50000;WAREHOUSE;YA;YA;13;5,720339;28;71000;0;0;0;0;0,125
117;SIRUP ORANGE;BOTOL - 600;600;1;-;45000;WAREHOUSE;TDK;TDK;0;0;28;0;0;0;0;0;
118;SIRUP PASSION FRUIT;BTL-1250;1250;1;-;50000;WAREHOUSE;YA;YA;0;0;28;71000;0;0;0;0;
119;SIRUP PASSION FRUIT;BOTOL - 600;600;1;-;45000;WAREHOUSE;TDK;TDK;0;0;28;0;0;0;0;0;
120;SIRUP PEACH;BTL-1250;1250;1;-;50000;WAREHOUSE;YA;YA;12;4,194915;28;71000;0;0;0;0;0,022
121;SIRUP PEACH;BOTOL - 600;600;1;-;45000;WAREHOUSE;TDK;TDK;0;0;28;0;0;0;0;0;
122;SIRUP PEPPERMINT;BTL-1250;1250;1;-;58000;WAREHOUSE;YA;YA;12;3,432203;28;82000;0;0;0;0;0,031
123;SIRUP PEPPERMINT;BOTOL - 600;600;1;-;60000;WAREHOUSE;TDK;TDK;0;0;28;0;0;0;0;0;
124;SIRUP STRAWBERRY;BTL-1250;1250;1;-;58000;WAREHOUSE;YA;YA;17;17,405085;28;82000;0;0;0;0;0,344
125;SIRUP STRAWBERRY;BOTOL - 600;600;1;-;45000;WAREHOUSE;TDK;TDK;0;0;28;0;0;0;0;0;
126;SIRUP WINTERMELON;BTL-1250;1250;1;-;50000;WAREHOUSE;YA;YA;7;0,762712;28;71000;0;0;0;0;0,022
127;SIRUP WINTERMELON;BOTOL - 600;600;1;-;45000;WAREHOUSE;TDK;TDK;0;0;28;0;0;0;0;0;
128;SLEEVE SLURP;PACK-10;10;1;-;5000;WAREHOUSE;YA;TDK;40;0;9;2500;0;0;0;0;0,035
129;SPIDOL BESAR;PC;1;1;-;10000;WAREHOUSE;YA;YA;2;1,144068;11;7000;0;0;0;0;0,033
130;STAMP CARD;PACK-100;100;1;-;30000;WAREHOUSE;YA;YA;34;1,47541;13;0;0;0;0;0;0,027
131;STAPLER KECIL;PC;1;1;-;1000;WAREHOUSE;YA;YA;6;0,48913;11;16000;0;0;0;0;
132;STRUK KASIR POLOS;ROLL-10;1;1;-;75000;WAREHOUSE;YA;YA;0;0,572034;11;83500;0;0;0;0;0,047
133;STRUK KASIR Q;ROLL-10;1;1;-;75000;WAREHOUSE;TDK;TDK;19;1;11;72800;0;0;0;0;0,006
134;SUGAR SIRUP;BTL-1250;1;1;-;20000;WAREHOUSE;YA;YA;9;8,389831;28;33000;0;0;0;0;0,128
135;TANGKAI BALON;BAG;1;1;-;50000;WAREHOUSE;TDK;YA;13;0;11;24800;0;0;0;0;
136;TINTA PRINTER STRUK KASIR;BTL;1;1;-;25000;WAREHOUSE;TDK;TDK;0;0;11;15000;0;0;0;0;
137;TINTA TRD MERAH;BTL;1;1;-;25000;WAREHOUSE;TDK;YA;4;0;11;25300;0;0;0;0;
138;TIP EX;PC;1;1;-;10000;WAREHOUSE;TDK;YA;5;0;11;3233;0;0;0;0;0
139;TISSUE ECONO;PACK;1;1;-;2500;WAREHOUSE;YA;YA;11;115,932203;10;3167;0;0;0;0;1,875
140;TISSUE MULTIFOLD;PACK;1;1;-;20000;WAREHOUSE;YA;YA;40;97,245763;10;8125;0;0;0;0;1,688
141;TTP CUP PLASTIK;SLOP-100;100;1;-;20000;WAREHOUSE;YA;YA;9;0,762712;9;11000;0;0;0;0;0,031
142;TTP MANGKOK SLURP;SLOP-50;1;1;-;25000;WAREHOUSE;YA;YA;78;0;9;15000;0;0;0;0;
143;SUGAR PEARL;BTL-1500;1500;1;;25000;PRODUCTION;YA;YA;0;0;26;25000;0;0;0;0;
144;PUDDING ALMOND;BOX 1/6;70;1;-;50000;PRODUCTION;YA;TDK;0;0;20;0;0;0;0;0;
145;PUDDING CHOCOLATE;BOX 1/6;70;1;-;50000;PRODUCTION;YA;TDK;0;0;20;0;0;0;0;0;
146;PUDDING TARO;BOX 1/6;70;1;-;50000;PRODUCTION;YA;TDK;0;0;20;0;0;0;0;0;
147;PUDDING MELON;BOX 1/6;70;1;-;50000;PRODUCTION;YA;TDK;0;0;20;0;0;0;0;0;
148;PUDDING STRAWBERRY;BOX 1/6;36;1;-;50000;PRODUCTION;YA;TDK;0;0;20;0;0;0;0;0;
149;SENDOK MJP;BAG-500;1;1;-;75000;WAREHOUSE;TDK;TDK;18;0,491803;9;9800;0;0;0;0;0,006
150;KAIN LAP;PC;1;1;-;0;WAREHOUSE;TDK;TDK;37;3,432203;12;6000;0;0;0;0;0,017
151;GELAS TAKAR 500ML;PCS;1;1;-;0;WAREHOUSE;TDK;TDK;0;0;9;7900;0;0;0;0;
152;SIKAT CUCI;PC;1;1;-;5000;WAREHOUSE;YA;YA;1;0;12;9000;0;0;0;0;0,018
153;SPON CUCI PIRING;PC;1;1;-;1000;WAREHOUSE;YA;YA;11;1,90678;12;3000;0;0;0;0;0,031
154;MNGKOK SLURP - 270;SLOP-50;1;1;-;40000;WAREHOUSE;YA;YA;53;0,978261;9;22500;0;0;0;0;0,005
155;CALCULATOR;PC;1;1;-;40000;WAREHOUSE;YA;TDK;2;0,505618;11;16800;0;0;0;0;
156;KEMOCENG;PC;1;1;-;15000;WAREHOUSE;TDK;TDK;0;0,48913;12;19000;0;0;0;0;
157;KAIN PEL;PC;1;1;-;15000;WAREHOUSE;TDK;TDK;1;0,978261;12;29000;0;0;0;0;0,006
158;ALMOND POWDER;BAG-250GR;250;1;-;30000;WAREHOUSE;YA;TDK;21;9;1;30000;0;0;0;0;
159;CHOCOLATE POWDER ;BAG-10KG;1;1;;0;WAREHOUSE;YA;TDK;1;2;1;0;0;0;0;0;
160;CHOCOLATE POWDER QUICKLY;BAG-1KG;1;1;-;0;WAREHOUSE;YA;TDK;6;4;1;0;0;0;0;0;
161;COCOA VAN HOUTEN;P-165GR;1;1;;0;WAREHOUSE;YA;TDK;52;19;1;35750;0;0;0;0;2,531
162;COFFEE POWDER GOURMET;BAG-500GR;1;1;;0;WAREHOUSE;TDK;TDK;6;0;1;190000;0;0;0;0;
163;COFFEE PWD NESCAFE;B-100GR;1;1;;100000;WAREHOUSE;YA;TDK;20;53,008475;1;31900;0;0;0;0;1,531
164;COFFEE PWD TORABIKA;P-25GR;1;1;;0;WAREHOUSE;YA;TDK;10;26,694915;1;1175;0;0;0;0;0,625
165;CREAMER COFFEE MATE;CARTON-20KG;1;1;;0;WAREHOUSE;TDK;TDK;5;0;1;614000;0;0;0;0;0,07
166;CREAMER MRS;BAG-25KG;1;1;;0;WAREHOUSE;YA;TDK;0;10,677966;1;1025000;0;0;0;0;0,313
167;CREAMER NESTLE;BAG-30KG;1;1;;0;WAREHOUSE;TDK;TDK;0;0;1;0;0;0;0;0;
168;CREAMER QUICKLY (Jein Chun);CARTON-20KG;1;1;;0;WAREHOUSE;YA;TDK;23;2,288136;27;2227000;0;0;0;0;0,063
169;GULA PASIR;ZAK-50KG;1;1;;0;WAREHOUSE;YA;TDK;11;6,101695;1;675000;0;0;0;0;0,156
170;ICE POWDER FOR SLUSH;BAG-500GR;1;1;;0;WAREHOUSE;YA;TDK;12;3,050847;1;31525;0;0;0;0;0,063
171;KONYAKU POWDER QD47;BAG-500GR;1;1;;0;WAREHOUSE;YA;TDK;2;4;27;560000;0;0;0;0;
172;KONYAKU POWDER QUICKLY;BAG-1KG;1;1;;0;WAREHOUSE;YA;TDK;8;0,572034;1;199200;0;0;0;0;0,017
173;NUTRIJELL PLAIN;CARTON;1;1;;0;WAREHOUSE;YA;TDK;7;1,525424;1;648000;0;0;0;0;0,031
174;PALM SUGAR;CARTON-48BAG;500;1;;0;WAREHOUSE;YA;TDK;4;8,389831;1;221712;0;0;0;0;0,188
175;PUDDING CHOCOLATE;BAG-10KG;1;1;;0;WAREHOUSE;YA;TDK;2;0;27;1236885;0;0;0;0;
176;PUDDING MELON;BAG-10KG;1;1;;0;WAREHOUSE;YA;TDK;2;0,381356;27;1236885;0;0;0;0;0,008
177;PUDDING NATURAL;BAG-10KG;1;1;;0;WAREHOUSE;YA;TDK;0;0;27;2275000;0;0;0;0;
178;PUDDING STRAWBERRY;BAG-10KG;1;1;;0;WAREHOUSE;YA;TDK;0;0;27;2275000;0;0;0;0;
179;PUDDING TARO;BAG-10KG;1;1;;0;WAREHOUSE;YA;TDK;2;0;27;1236885;0;0;0;0;
180;TARO MILK POWDER;CARTON;1;1;;0;WAREHOUSE;YA;TDK;10;3,050847;27;2379780;0;0;0;0;0,063
181;TULIP POWDER BORDEAUX;BAG-2.5KG;1;1;;0;WAREHOUSE;YA;TDK;3;1,90678;1;442900;0;0;0;0;0,125
182;VANILLA RRC;BAG-1KG;1;1;;0;WAREHOUSE;YA;TDK;1;0;1;276000;0;0;0;0;0,018
183;BLACK TEA QUICKLY;BAG-10;1;1;;0;WAREHOUSE;YA;TDK;43;27,838983;27;66570;0;0;0;0;0,313
184;GREEN TEA QUICKLY;BAG-10;1;1;;0;WAREHOUSE;YA;TDK;74;20,974576;27;57491;0;0;0;0;0,469
185;GREEN TEA CHINA;BAG-500GR;1;1;;0;WAREHOUSE;TDK;TDK;6;10;4;0;0;0;0;0;
186;THAI ICE TEA;BAG;1;1;;0;WAREHOUSE;YA;TDK;1;7,627119;4;60875;0;0;0;0;0,156
187;LARGE PEARL T;CARTON-20KG;1;1;;0;WAREHOUSE;YA;TDK;58;15,635593;27;615000;0;0;0;0;0,188
188;SIRUP GREEN APPLE;DRUM;1;1;;0;WAREHOUSE;YA;TDK;0;0,381356;27;970000;0;0;0;0;0,011
189;SIRUP BLUEBERRY;DRUM;1;1;;0;WAREHOUSE;YA;TDK;1;0,491803;27;780000;0;0;0;0;0,009
190;SIRUP CANTALOUPE;DRUM;1;1;;0;WAREHOUSE;YA;TDK;2;1;27;780000;0;0;0;0;
191;SIRUP CHAMPAGNE GRAPE;DRUM;1;1;;0;WAREHOUSE;YA;TDK;1;0,491803;27;780000;0;0;0;0;0,009
192;SIRUP CHOCOLATE HERSHEY;CRTN-24;1;1;;0;WAREHOUSE;YA;TDK;26;0,95339;3;1233177;0;0;0;0;0,028
193;SIRUP JASMINE;DRUM;1;1;;0;WAREHOUSE;YA;TDK;2;1;27;780000;0;0;0;0;
194;SIRUP KIWI;DRUM;1;1;;0;WAREHOUSE;YA;TDK;3;0,381356;27;702585;0;0;0;0;0,011
195;SIRUP KIWI JAM;DRUM;1;1;;0;WAREHOUSE;YA;TDK;3;0,381356;27;920595;0;0;0;0;0,011
196;SIRUP LAVENDER;DRUM;1;1;;0;WAREHOUSE;YA;TDK;0;0;27;780000;0;0;0;0;
197;SIRUP LEMON;DRUM;1;1;;0;WAREHOUSE;YA;TDK;0;1;27;780000;0;0;0;0;
198;SIRUP LONGAN HONEY;DRUM;1;1;;0;WAREHOUSE;YA;TDK;1;0,381356;27;724815;0;0;0;0;0,011
199;SIRUP LYCHEE;DRUM;1;1;;0;WAREHOUSE;YA;TDK;1;0,762712;27;862400;0;0;0;0;0,031
200;SIRUP MANGO;DRUM;1;1;;0;WAREHOUSE;YA;TDK;0;0,762712;27;658320;0;0;0;0;0,011
201;SIRUP ORANGE;DRUM;1;1;;0;WAREHOUSE;YA;TDK;0;0,381356;27;702585;0;0;0;0;0,011
202;SIRUP PASSION FRUIT;DRUM;1;1;;0;WAREHOUSE;YA;TDK;0;1;27;780000;0;0;0;0;
203;SIRUP PEACH;DRUM;1;1;;0;WAREHOUSE;YA;TDK;1;0,381356;27;926055;0;0;0;0;0,008
204;SIRUP PEPPERMINT;DRUM;1;1;;0;WAREHOUSE;YA;TDK;1;0,983607;27;836160;0;0;0;0;0,018
205;SIRUP PINEAPPLE;DRUM;1;1;;0;WAREHOUSE;YA;TDK;1;1;27;780000;0;0;0;0;
206;SIRUP STRAWBERRY;DRUM;1;1;;0;WAREHOUSE;YA;TDK;1;1,144068;27;880000;0;0;0;0;0,031
207;SIRUP STRAWBERRY JAM;DRUM;1;1;;0;WAREHOUSE;YA;TDK;1;0,381356;27;880000;0;0;0;0;0,017
208;SUGAR SIRUP;DRUM;1;1;;0;WAREHOUSE;YA;TDK;1;0,381356;3;82500;0;0;0;0;0,011
209;SIRUP WINTERMELON;DRUM;1;1;;0;WAREHOUSE;YA;TDK;1;0,491803;27;780000;0;0;0;0;0,018
210;PULP APPLE;DRUM;1;1;;0;WAREHOUSE;TDK;TDK;0;0;6;0;0;0;0;0;
211;PULP GRAPE;DRUM;1;1;;0;WAREHOUSE;TDK;TDK;0;0;6;0;0;0;0;0;
212;PULP LYCHEE;DRUM;1;1;;0;WAREHOUSE;TDK;TDK;0;0;6;437500;0;0;0;0;
213;PULP RAINBOW;DRUM;1;1;;0;WAREHOUSE;YA;TDK;0;0;27;1064700;0;0;0;0;
214;ELLE WHIPPING CREAM;PACK;1;1;;90000;WAREHOUSE;TDK;TDK;0;5;7;126000;0;0;0;0;0,009
215;MILO CHOCO BALL;PACK-1000GR;1;1;;35000;WAREHOUSE;YA;TDK;14;1,967213;7;29170;0;0;0;0;0,05
216;OREO BISCUIT;CARTON-24ROLL;1;1;;0;WAREHOUSE;YA;TDK;7;0;7;146900;0;0;0;0;0,053
217;ROSELLE SPR CREAM;PACK;1;1;;75000;WAREHOUSE;YA;TDK;0;6,393443;7;73600;0;0;0;0;0,133
218;SUSU CARNATION;KALENG;370;1;;0;WAREHOUSE;YA;TDK;27;73,220339;7;11348;0;0;0;0;3
219;ESSENCE ALMOND;BOTOL-18ML;1;1;;0;WAREHOUSE;TDK;TDK;0;0;8;0;0;0;0;0;
220;COFFEE MOCCA OIL;BOTOL-60ML;1;1;;0;WAREHOUSE;TDK;TDK;0;0;8;0;0;0;0;0;
221;TOFFIECO  ALMOND;BOTOL;1;1;;0;WAREHOUSE;TDK;TDK;0;0;8;20000;0;0;0;0;
222;TOFFIECO BRIGHT RED;BOTOL;1;1;;0;WAREHOUSE;TDK;TDK;0;0;8;0;0;0;0;0;
223;TOFFIECO GRAPE;BOTOL-25ML;1;1;;0;WAREHOUSE;TDK;TDK;0;0;8;0;0;0;0;0;
224;TOFFIECO LEMON YELLOW;BOTOL;1;1;;0;WAREHOUSE;TDK;TDK;0;0;8;0;0;0;0;0;
225;TOFFIECO LYCHEE;BOTOL;1;1;;0;WAREHOUSE;TDK;TDK;0;1;8;20000;0;0;0;0;
226;TOFFIECO MANGO;BOTOL;1;1;;0;WAREHOUSE;TDK;TDK;0;0;8;0;0;0;0;0;
227;TOFFIECO VIOLET;BOTOL;1;1;;0;WAREHOUSE;TDK;TDK;0;0;8;0;0;0;0;0;
228;BOTOL AQUA 1500ML;BAL-100;1;1;;0;WAREHOUSE;YA;TDK;1;4;9;160000;0;0;0;0;0,125
229;BOTOL AQUA 600ML;BAL;1;1;;0;WAREHOUSE;TDK;TDK;1;1;9;82500;0;0;0;0;
230;CUP 300;SLOP-50;50;1;;31000;WAREHOUSE;YA;YA;136;8,389831;9;27500;0;0;0;0;0,156
231;GELAS TAKAR 1000ML;PCS;1;1;;0;WAREHOUSE;TDK;TDK;2;0;9;7700;0;0;0;0;
232;GELAS TAKAR 2000ML;PCS;1;1;;0;WAREHOUSE;TDK;TDK;0;0;9;31500;0;0;0;0;
233;KLINPAK KITCHEN XXXXXXXXXX;ROLL;1;1;;0;WAREHOUSE;TDK;TDK;0;0,381356;9;180000;0;0;0;0;0,008
234;FILTER KERTAS UTK KOPI;PACK;1;1;;0;WAREHOUSE;YA;TDK;5;0,978261;9;0;0;0;0;0;0,005
235;JEPITAN KERTAS UK LARGE;KTK;1;1;;0;WAREHOUSE;YA;TDK;2;0;11;0;0;0;0;0;0,006
236;JEPITAN KERTAS UK SMALL;KTK;1;1;;0;WAREHOUSE;YA;TDK;8;0;11;0;0;0;0;0;0,006
237;TISSUE TOILET;ROLL;1;1;;0;WAREHOUSE;YA;TDK;9;41,214953;10;2000;0;0;0;0;
238;KARET GELANG;BAG-500GR;1;1;;0;WAREHOUSE;YA;TDK;2;1,525424;9;26500;0;0;0;0;0,011
239;FORM REKAP DELIVERY ORDER;PACK - 30;1;1;;0;WAREHOUSE;TDK;TDK;0;10;13;0;0;0;0;0;
240;PEMBUKA KALENG;PCS;1;1;;0;WAREHOUSE;YA;TDK;1;3;15;19500;0;0;0;0;
241;GUNTING KECIL;PCS;1;1;;0;WAREHOUSE;YA;TDK;2;0;11;7000;0;0;0;0;0,018
242;AMPLOP COKLAT FOLI0;PACK;1;1;;0;WAREHOUSE;YA;TDK;0;0;11;0;0;0;0;0;
243;BATEREI AA TANGGUNG;BUAH;1;1;;0;WAREHOUSE;YA;YA;6;0,017544;11;5000;0;0;0;0;0,094
244;BATEREI BESAR;BUAH;1;1;;0;WAREHOUSE;YA;TDK;0;0;11;0;0;0;0;0;
245;BATEREI AAA KECIL;BUAH;1;1;;0;WAREHOUSE;TDK;YA;7;3,050847;11;4000;0;0;0;0;0,033
246;BATRAI CALKULATOR MAXCELL;PC;1;1;;0;WAREHOUSE;TDK;TDK;0;0;11;0;0;0;0;0;
247;BINDER KLIP NO 111;PACK;1;1;;0;WAREHOUSE;TDK;TDK;0;0;11;0;0;0;0;0;
248;BINDER KLIP NO 155;PACK;1;1;;0;WAREHOUSE;TDK;TDK;0;0;11;0;0;0;0;0;
249;BINDER KLIP NO 260;PACK;1;1;;0;WAREHOUSE;TDK;TDK;0;0;11;0;0;0;0;0;
250;BALPEN MERAH STANDART;BUAH;1;1;;0;WAREHOUSE;TDK;YA;20;9,252336;11;0;0;0;0;0;
251;BUKU AGENDA 2010;BUAH;1;1;;0;WAREHOUSE;TDK;TDK;25;0;11;14500;0;0;0;0;
252;BUKU TULIS @38 LBR;BUAH;1;1;;0;WAREHOUSE;TDK;TDK;13;0;11;0;0;0;0;0;
253;CARBON PAPER;PACK;1;1;;0;WAREHOUSE;TDK;TDK;1;0;11;0;0;0;0;0;
254;DOUBLE TAPE KECIL;PCS;1;1;;0;WAREHOUSE;TDK;TDK;0;0;11;0;0;0;0;0;
255;DOUBLE TAPE TANGGUNG;PCS;1;1;;0;WAREHOUSE;TDK;TDK;0;2;11;0;0;0;0;0;
256;EZ-LABEL PRINTER TAPE CARTRIDGE;BUAH;1;1;;0;WAREHOUSE;TDK;TDK;1;0;11;0;0;0;0;0;
257;PISAU KECIL;PCS;1;1;;0;WAREHOUSE;TDK;TDK;0;0,48913;11;27300;0;0;0;0;
258;ISI CUTTER;PCS;1;1;;0;WAREHOUSE;TDK;TDK;4;0;11;0;0;0;0;0;
259;ISI STAPLER BESAR;PC;1;1;;0;WAREHOUSE;TDK;YA;1;0,381356;11;0;0;0;0;0;0,011
260;ISOLASI TANGGUNG 2 CM;PC;1;1;;0;WAREHOUSE;YA;YA;16;10,29661;11;2500;0;0;0;0;0,219
261;ISOLASI BESAR;PC;1;1;;0;WAREHOUSE;YA;TDK;9;1,144068;11;8916;0;0;0;0;0,022
262;KARTU CHECK CLOCK;PACK;1;1;;0;WAREHOUSE;TDK;TDK;1;0,491803;11;26500;0;0;0;0;0,006
263;KARTU PIUTANG;LBR;1;1;;0;WAREHOUSE;TDK;TDK;0;0;11;0;0;0;0;0;
264;KERTAS FOLIO BERGARIS;LBR;1;1;;0;WAREHOUSE;TDK;TDK;9;0;11;0;0;0;0;0;
265;KERTAS DO;PACK;1;1;;0;WAREHOUSE;TDK;TDK;1;1,956522;11;421000;0;0;0;0;0,006
266;KERTAS A4 PAPER ONE;RIM;1;1;;0;WAREHOUSE;YA;TDK;10;4,194915;11;45000;0;0;0;0;0,313
267;PITA PRINTER EPSON LX300;PC;1;1;;0;WAREHOUSE;TDK;TDK;1;1,956522;11;48000;0;0;0;0;0,009
268;LEM POVINAL BOTOL KECIL;BTL;1;1;;0;WAREHOUSE;TDK;TDK;1;2;11;0;0;0;0;0;
269;LEM POVINAL BOTOL BESAR;BTL;1;1;;0;WAREHOUSE;TDK;TDK;2;0,978261;11;21500;0;0;0;0;0,005
270;CUTTER;PC;1;1;;0;WAREHOUSE;TDK;TDK;1;2,523364;11;7000;0;0;0;0;
271;MAP MERAH FOLIO;PC;1;1;-;0;WAREHOUSE;TDK;TDK;10;0;11;0;0;0;0;0;
272;MAP PLASTIK FOLIO;PC;1;1;;0;WAREHOUSE;TDK;TDK;7;0;11;0;0;0;0;0;
273;MAP PLASTIK A4;PC;1;1;;0;WAREHOUSE;TDK;TDK;0;1;11;0;0;0;0;0;
274;MEDIGLOVES;PCS;1;1;;0;WAREHOUSE;TDK;TDK;6;0;11;0;0;0;0;0;
275;PITA STRUK KASIR COUNTER;PC;1;1;;0;WAREHOUSE;TDK;TDK;4;1,956522;11;24500;0;0;0;0;0,011
276;MISTAR PLASTIK;BUAH;1;1;;0;WAREHOUSE;TDK;TDK;3;1,682243;11;0;0;0;0;0;
277;POMPA BALON;BUAH;1;1;;0;WAREHOUSE;TDK;TDK;3;0;11;18000;0;0;0;0;
278;STABILO;BUAH;1;1;;0;WAREHOUSE;TDK;TDK;6;1;11;0;0;0;0;0;
279;DISPENSER ISOLASI;BUAH;1;1;;0;WAREHOUSE;TDK;TDK;1;0,43956;11;0;0;0;0;0;
280;STAPLER BESAR;PC;1;1;;0;WAREHOUSE;TDK;TDK;1;0;11;0;0;0;0;0;
281;TINTA SPIDOL HITAM;BTL;1;1;;0;WAREHOUSE;TDK;TDK;4;0,381356;11;10500;0;0;0;0;0,031
282;TINTA BROTHER 100ML BLACK;BTL;1;1;;0;WAREHOUSE;TDK;TDK;3;0;11;0;0;0;0;0;
283;TINTA PRINTER CANON 100 ML;BTL;1;1;;0;WAREHOUSE;TDK;TDK;8;0;11;0;0;0;0;0;
284;TINTA PRINTER STAR INK 100 ML;BTL;1;1;;0;WAREHOUSE;TDK;TDK;0;0;11;0;0;0;0;0;
285;TUSUKAN NOTA;BUAH;1;1;;0;WAREHOUSE;TDK;TDK;2;2,523364;11;7333;0;0;0;0;
286;BUKU TANDA TERIMA;BUAH;1;1;;3000;WAREHOUSE;TDK;TDK;15;0,762712;11;4000;0;0;0;0;0,063
287;MISTAR BESI;PCS;1;1;;0;WAREHOUSE;TDK;YA;0;0,48913;11;0;0;0;0;0;
288;DOUBLE TAPE;PC;1;1;;0;WAREHOUSE;YA;TDK;0;0;11;7500;0;0;0;0;
289;PELUBANG KERTAS KECIL;PC;1;1;;0;WAREHOUSE;TDK;TDK;1;1;11;0;0;0;0;0;
290;PELUBANG KERTAS BESAR;PC;1;1;;0;WAREHOUSE;TDK;TDK;0;1;11;0;0;0;0;0;
291;ORDNER BANTEX;PC;1;1;;0;WAREHOUSE;TDK;TDK;3;0;11;0;0;0;0;0;
292;SPOONS (JGN DIPAKAI);PC;1;1;;0;WAREHOUSE;TDK;TDK;14;0;12;0;0;0;0;0;
293;BAYGON 675ML;BTL;1;1;;0;WAREHOUSE;YA;YA;2;0,762712;12;37825;0;0;0;0;0,031
294;HARPIC PEMBERSIH PORSELIN;BTL;1;1;;0;WAREHOUSE;YA;TDK;1;0,762712;12;17900;0;0;0;0;0,033
295;KANEBO;PC;1;1;;12000;WAREHOUSE;YA;TDK;1;0,48913;12;19000;0;0;0;0;
296;KAPUR AJAIB;PACK;1;1;-;0;WAREHOUSE;YA;YA;1;2,288136;12;3083;0;0;0;0;0,031
297;KAPUR BARUS;PACK;1;1;;0;WAREHOUSE;TDK;TDK;11;1;12;0;0;0;0;0;
298;SABUN MR MUCLE KACA;PC;1;1;;0;WAREHOUSE;TDK;TDK;6;0;12;0;0;0;0;0;
299;SLECK HAND 500ML;BTL;1;1;;0;WAREHOUSE;YA;TDK;2;1;12;0;0;0;0;0;
300;STELLA PENGHARUM RUANGAN;PCS;1;1;;0;WAREHOUSE;TDK;TDK;0;0,381356;12;14000;0;0;0;0;0,011
301;SKROK SAMPAH;PC;1;1;;0;WAREHOUSE;YA;TDK;2;1;12;18500;0;0;0;0;
302;TONGKAT PEL + KAIN PEL;PC;1;1;;0;WAREHOUSE;TDK;TDK;0;0,978261;12;49300;0;0;0;0;0,006
303;CIF CREAM 500ML;BTL;1;1;;0;WAREHOUSE;YA;TDK;1;0,43956;12;17400;0;0;0;0;
304;BON SEMENTARA;BUKU;1;1;;6000;WAREHOUSE;YA;YA;0;14,872881;13;5000;0;0;0;0;0,531
305;FORM DENDA;BUKU;1;1;;0;WAREHOUSE;TDK;TDK;8;0;13;0;0;0;0;0;
306;FORM LEMBUR;BUKU;1;1;;0;WAREHOUSE;YA;TDK;8;0;13;0;0;0;0;0;
307;FORM WITHDRAWAL;BUKU;1;1;;0;WAREHOUSE;YA;YA;15;0,381356;13;10000;0;0;0;0;0,031
308;VOUCHER 400CC;LBR;1;1;;0;WAREHOUSE;TDK;TDK;500;0;13;0;0;0;0;0;
309;DIGITAL TIMER;PCS;1;1;;0;WAREHOUSE;TDK;TDK;0;0;14;0;0;0;0;0;
310;FILTER AIR PANJANG;ROLL;1;1;;0;WAREHOUSE;YA;TDK;11;20;14;30000;0;0;0;0;
311;FILTER AIR PENDEK;ROLL;1;1;;0;WAREHOUSE;YA;TDK;5;1,144068;14;20000;0;0;0;0;0,017
312;FILTER BENANG PANJANG;ROLL;1;1;;0;WAREHOUSE;YA;TDK;6;0;14;0;0;0;0;0;
313;COMPRESOR FREEZER;PCS;1;1;;0;WAREHOUSE;TDK;TDK;1;0;14;0;0;0;0;0;
314;MESIN SEALING;UNIT;1;1;;0;WAREHOUSE;TDK;TDK;1;0;14;0;0;0;0;0;
315;TEMPERATUR MESIN SEALING;PCS;1;1;;0;WAREHOUSE;TDK;TDK;0;0;14;0;0;0;0;0;
316;ELLIWELL;PCS;1;1;;0;WAREHOUSE;TDK;TDK;1;0;14;0;0;0;0;0;
317;NOMOR SEALING;PCS;1;1;;0;WAREHOUSE;TDK;TDK;1;0;14;0;0;0;0;0;
318;PISAU MESIN SEALING;PCS;1;1;;0;WAREHOUSE;TDK;TDK;3;0;14;0;0;0;0;0;
319;JANTUNG MSIN SEALING;PCS;1;1;;0;WAREHOUSE;TDK;TDK;2;0;14;0;0;0;0;0;
320;LAMPU NEON 21 WATT;UNIT;1;1;;0;WAREHOUSE;TDK;TDK;0;0;14;0;0;0;0;0;
321;PEGAS SEALING MACHINE;PCS;1;1;;0;WAREHOUSE;TDK;TDK;0;0;14;0;0;0;0;0;
322;ACRYLIC BOX COMMENT CARD;PC;1;1;;0;WAREHOUSE;TDK;TDK;1;2;15;75000;0;0;0;0;
323;ACRYLIC LABEL CAKE MJP;PC;1;1;;0;WAREHOUSE;YA;TDK;24;0;15;50000;0;0;0;0;
324;ACRYLIC POP A 4;PC;1;1;;100000;WAREHOUSE;YA;TDK;3;0,491803;15;87500;0;0;0;0;0,006
325;ACRYLIC TABLE MENU;PC;1;1;;100000;WAREHOUSE;YA;TDK;10;1;15;100000;0;0;0;0;
326;ACRYLIC TABLE MENU PAKAI SLURP;PC;1;1;;0;WAREHOUSE;TDK;TDK;0;0;15;0;0;0;0;0;
327;ACRYLIC TABLE MENU TIDAK PAKAI SLURP;PC;1;1;;0;WAREHOUSE;TDK;TDK;1;0;15;0;0;0;0;0;
328;ACRYLIC TABLE MENU POLOS;PC;1;1;;0;WAREHOUSE;TDK;TDK;0;0;15;0;0;0;0;0;
329;PIN 3 WARNA @10 PCS;PC;1;1;;15000;WAREHOUSE;TDK;TDK;0;10;15;0;0;0;0;0;
330;BOTOL SAJI SILVER 400 ML;BTL;1;1;;0;WAREHOUSE;TDK;YA;0;5;15;35000;0;0;0;0;
331;BOTOL SAJI 600 ML;BTL;1;1;;0;WAREHOUSE;YA;TDK;0;0;15;0;0;0;0;0;
332;BOX MJP FOR CHRISTMAST GIFT;BUAH;1;1;;0;WAREHOUSE;TDK;TDK;4;0;15;0;0;0;0;0;
333;CENTONG GAGANG HITAM;PC;1;1;;0;WAREHOUSE;YA;TDK;1;0;15;0;0;0;0;0;
334;CENTONG MILK TEA;PCS;1;1;;0;WAREHOUSE;YA;TDK;4;0;15;0;0;0;0;0;
335;CENTONG PLASTIK LARGE;PC;1;1;;0;WAREHOUSE;YA;TDK;1;1;15;0;0;0;0;0;
336;CENTONG STAINLES LARGE;BUAH;1;1;;0;WAREHOUSE;YA;TDK;1;0;15;0;0;0;0;0;
337;CENTONG PEARL STAINLES LARGE;BUAH;1;1;;0;WAREHOUSE;YA;TDK;1;0;15;0;0;0;0;0;
338;CENTONG PEARL UK SEDANG;BUAH;1;1;;0;WAREHOUSE;YA;TDK;0;0;15;0;0;0;0;0;
339;CENTONG PEARL STAINLES UK KECIL;BUAH;1;1;;0;WAREHOUSE;YA;TDK;1;0;15;13500;0;0;0;0;
340;CENTONG PUDDING POLOS;BUAH;1;1;;0;WAREHOUSE;YA;TDK;3;0;15;3500;0;0;0;0;
341;CENTONG SLUSH STAINLES;BUAH;1;1;;0;WAREHOUSE;YA;TDK;6;0;15;0;0;0;0;0;
342;CENTONG PUDDING BERLUBANG;BUAH;1;1;;0;WAREHOUSE;YA;TDK;3;0;15;23000;0;0;0;0;
343;DOUBLE JIGGER STAINLES;BUAH;1;1;;80000;WAREHOUSE;YA;YA;8;6;15;75000;0;0;0;0;
344;GELAS RENDAM JIGGER;BUAH;1;1;;0;WAREHOUSE;YA;YA;0;0;15;0;0;0;0;0;
345;EMBER PLASTIK+TUTUP;BUAH;1;1;;0;WAREHOUSE;TDK;TDK;0;3;15;40500;0;0;0;0;
346;GAYUNG PLASTIK;BUAH;1;1;;0;WAREHOUSE;TDK;TDK;0;2;15;0;0;0;0;0;
347;GELAS SHAKER TAIWAN;PC;1;1;;0;WAREHOUSE;YA;YA;15;0;15;0;0;0;0;0;
348;PALU ES CUBE;PC;1;1;;0;WAREHOUSE;TDK;TDK;0;2;15;45200;0;0;0;0;
349;MINI EGG BEATER;BUAH;1;1;;0;WAREHOUSE;TDK;TDK;1;2;15;0;0;0;0;0;
350;JILBAB ORANGE;BUAH;1;1;;0;WAREHOUSE;TDK;TDK;2;0;15;0;0;0;0;0;
351;TEMPAT PULP SAJI;PC;1;1;;0;WAREHOUSE;TDK;TDK;6;0;15;0;0;0;0;0;
352;TOPLES POWDER;BUAH;1;1;;0;WAREHOUSE;TDK;TDK;0;0;15;0;0;0;0;0;
353;SCOOP ES;PC;1;1;;0;WAREHOUSE;TDK;TDK;1;0;15;0;0;0;0;0;
354;SENDOK KECIL STAINLES;PC;1;1;;0;WAREHOUSE;YA;TDK;1;0;15;14333;0;0;0;0;
355;SPATULA;BUAH;1;1;;0;WAREHOUSE;TDK;TDK;1;0;15;11700;0;0;0;0;
356;KURSI BAKSO;PC;1;1;;0;WAREHOUSE;TDK;TDK;2;1;15;36400;0;0;0;0;
357;KURSI PLASTIK KECIL;PC;1;1;;0;WAREHOUSE;TDK;TDK;3;0;15;0;0;0;0;0;
358;FOODPAN 1/6 6.5 CM+TUTUP;SET;1;1;;0;WAREHOUSE;YA;TDK;0;2;15;0;0;0;0;0;
359;FOODPAN 1/6 15 CM+TUTUP;SET;1;1;;0;WAREHOUSE;YA;TDK;5;5;15;0;0;0;0;0;
360;FOODPAN 1/6 10 CM+TUTUP;SET;1;1;;0;WAREHOUSE;YA;TDK;6;10;15;0;0;0;0;0;
361;FOODPAN 1/3 10CM+TUTUP;SET;1;1;;0;WAREHOUSE;YA;TDK;10;0;15;0;0;0;0;0;
362;TEMPAT OREO;PC;1;1;;0;WAREHOUSE;YA;TDK;4;10;15;0;0;0;0;0;
363;TEMPAT TISSU MIKA;PC;1;1;;0;WAREHOUSE;TDK;TDK;4;5;15;0;0;0;0;0;
364;TOPI QUICKLY;PC;1;1;;0;WAREHOUSE;TDK;TDK;2;0;15;0;0;0;0;0;
365;DAFTAR MENU QUICKLY;PC;1;1;;0;WAREHOUSE;TDK;TDK;0;0;15;0;0;0;0;0;
366;BIN STAINLES;PC;1;1;;0;WAREHOUSE;YA;TDK;24;0;15;0;0;0;0;0;
367;MANSET;PC;1;1;;0;WAREHOUSE;TDK;TDK;0;0;15;0;0;0;0;0;
368;BAJU QUICKLY CEWEK UK S;PC;1;1;;0;WAREHOUSE;TDK;TDK;3;0;15;0;0;0;0;0;
369;BAJU QUICKLU CEWEK UK M;PC;1;1;;0;WAREHOUSE;TDK;TDK;0;0;15;0;0;0;0;0;
370;CELEMEK QUICKLY;PC;1;1;;0;WAREHOUSE;YA;TDK;0;0;15;100000;0;0;0;0;
371;BANDANA BIRU;PC;1;1;;0;WAREHOUSE;YA;TDK;2;0;15;50000;0;0;0;0;
372;BANDANA ORANGE;PC;1;1;;0;WAREHOUSE;YA;TDK;18;0;15;50000;0;0;0;0;
373;BAJU QUICKLY COWOK UK L;PC;1;1;;0;WAREHOUSE;TDK;TDK;9;0;15;0;0;0;0;0;
374;HOLDER + TALI NAME TAG;SET;1;1;;0;WAREHOUSE;YA;TDK;5;8;15;0;0;0;0;0;
375;SIRUP JASMINE;BOTOL-1500;1;1;-;0;WAREHOUSE;YA;YA;0;0;28;0;0;0;0;0;
376;SIRUP JASMINE;BTL-600;1;1;;0;WAREHOUSE;YA;TDK;1;0;28;0;0;0;0;0;
377;SIRUP PINEAPPLE;BTL-1250;1250;1;;50000;WAREHOUSE;YA;TDK;3;1;28;0;0;0;0;0;
378;SPIDOL HITAM KECIL;BUAH;1;1;;0;WAREHOUSE;YA;TDK;8;0,983607;11;0;0;0;0;0;0,018
379;TINTA TRODAT 7011 HITAM;BTL;1;1;;0;WAREHOUSE;YA;TDK;4;1;11;0;0;0;0;0;
380;TINTA ARTLINE ESK-50R;BTL;1;1;;0;WAREHOUSE;YA;TDK;4;0;11;0;0;0;0;0;
381;TEMPAT SAMPAH PLASTIK;PC;1;1;;0;WAREHOUSE;TDK;TDK;3;3;12;45636;0;0;0;0;
382;SAPU LANTAI;PC;1;1;;0;WAREHOUSE;YA;TDK;1;0,017544;12;24500;0;0;0;0;0,031
383;KARTU STOK;PACK;1;1;-;0;WAREHOUSE;TDK;TDK;1;0;13;0;0;0;0;0;
384;SURAT JALAN;PC;1;1;;0;WAREHOUSE;TDK;TDK;3;0;13;0;0;0;0;0;
385;RINSO KECIL;PACK;1;1;-;0;WAREHOUSE;TDK;TDK;0;1;12;1000;0;0;0;0;
386;ALMON ESSENCE CAP MERAK 18 ML;BTL;1;1;-;0;WAREHOUSE;TDK;TDK;73;24;8;20000;0;0;0;0;
387;COFFE MOCCA OIL@60 ML;BTL;1;1;;0;WAREHOUSE;TDK;TDK;36;0;8;20000;0;0;0;0;
388;FOOD COLOUR TOFFIECO ALMOND;BTL;1;1;;0;WAREHOUSE;TDK;TDK;10;0;8;20000;0;0;0;0;
389;FOOD COLOUR TOFFIECO VIOLET 100 GR;BTL;1;1;;0;WAREHOUSE;TDK;TDK;3;0;8;20000;0;0;0;0;
390;FOOD COLOUR TOFFIECO GRAPE;BTL;1;1;;0;WAREHOUSE;TDK;TDK;17;0;8;20000;0;0;0;0;
391;FOOD COLOUR TOFFIECO LYCHEE@25ML;BTL;1;1;;0;WAREHOUSE;TDK;TDK;14;0;8;20000;0;0;0;0;
392;FOOD COLOUR TOFFIECO BRIGHT RED;BTL;1;1;;0;WAREHOUSE;TDK;TDK;4;1;8;20000;0;0;0;0;
393;BOTOL SAJI SILVER 600ML;BTL;1;1;;0;WAREHOUSE;TDK;TDK;2;0;15;50000;0;0;0;0;
394;FORM GABUNGAN RET,OC,CD & TRANSFER;PCS;1;1;-;15000;WAREHOUSE;YA;YA;50;5,338983;13;16000;0;0;0;0;0,094
395;SABUN SUPER PEL;PCS;1;1;-;0;WAREHOUSE;TDK;TDK;9;0;12;0;0;0;0;0;
396;SABUN MR MUSCLE KACA;KANTONG;1;1;;15000;WAREHOUSE;TDK;TDK;2;3,050847;12;3700;0;0;0;0;0,044
397;AMPLOP PUTIH 1/3 A4;PACK;1;1;;0;WAREHOUSE;YA;YA;7;8,771186;11;23000;0;0;0;0;0,156
398;STELLA GANTUNG;PCS;1;1;-;10000;WAREHOUSE;TDK;TDK;0;1;12;0;0;0;0;0;
399;CHOCOLATE PWD DARK;PACK-250;1;1;-;80000;WAREHOUSE;YA;YA;0;12,966102;28;57000;0;0;0;0;0,313
400;MILK ULTRA FULL CREAM;PACK-1L;1000;1;-;20000;WAREHOUSE;TDK;TDK;0;17;7;15475;0;0;0;0;
401;BATEREI KOTAK 9V;PCS;1;1;-;0;WAREHOUSE;YA;TDK;0;0;11;0;0;0;0;0;
402;MOUTH COVER;PCS;1;1;-;50000;WAREHOUSE;YA;YA;0;10;15;45000;0;0;0;0;
403;GREEN TEA CHINA;BAG-1000GR;1;1;-;0;WAREHOUSE;TDK;TDK;0;0;4;0;0;0;0;0;
404;SENDOK MJP;BAG-100;1;1;-;0;WAREHOUSE;YA;YA;0;28,601695;9;12000;0;0;0;0;0,625
405;FORM REKAP ORDER CANCELLATION;PACK-10;1;1;-;0;WAREHOUSE;YA;TDK;0;5;13;0;0;0;0;0;
406;MILO CHOCO BALL;PACK-330GR;1;1;-;0;WAREHOUSE;YA;TDK;0;5,720339;28;41900;0;0;0;0;0,031
407;THAI MILK TEA;BIN-14;14000;500;-;300000;PRODUCTION;YA;YA;0;0;18;182000;0;0;0;0;
408;SUSU SUNBAY;KALENG;1;1;-;0;WAREHOUSE;YA;TDK;0;54;7;12187;0;0;0;0;3
409;GRASS JELLY POWDER T;BAG-10KG;1;1;-;0;WAREHOUSE;YA;TDK;0;0,877119;27;1800630;0;0;0;0;0,014
410;GRASS JELLY;PAN 1/3;70;1;-;100000;PRODUCTION;YA;YA;0;0;20;42000;0;0;0;0;
411;GUODONG STRAWBERRY;CUP;1;1;-;15000;PRODUCTION;YA;TDK;0;0;21;12000;0;0;0;0;
412;GUODONG PINEAPPLE;CUP;1;1;;15000;PRODUCTION;YA;TDK;0;0;21;12000;0;0;0;0;
413;CHOCOLATE POWDER QUICKLY;BAG-500GR;1;1;-;0;WAREHOUSE;YA;TDK;0;8;1;0;0;0;0;0;
414;CUP LABEL 4X2 CM;ROL;1;1;-;75000;WAREHOUSE;YA;TDK;0;10;11;75000;0;0;0;0;
415;CUP LABEL 3X2 CM;ROL;1;1;;0;WAREHOUSE;YA;TDK;0;0;11;75000;0;0;0;0;
416;MILO ACTIGEN POWDER;PACK-1000;1;1;-;0;WAREHOUSE;YA;TDK;0;5,720339;1;92450;0;0;0;0;0,156
417;CHOCO DINO BOMB PWD;PACK-250;1;1;;20000;WAREHOUSE;YA;YA;0;21,737288;28;23000;0;0;0;0;0,531
418;PIN CHOCO DINO;PC;1;1;-;15000;WAREHOUSE;TDK;TDK;0;10;15;15000;0;0;0;0;
419;TRAY ACRILIC;PC;1;1;;200000;WAREHOUSE;TDK;TDK;0;0;15;200000;0;0;0;0;
420;HAND MENU ACRILIC KOTAK;PC;1;1;;100000;WAREHOUSE;TDK;TDK;0;10;15;100000;0;0;0;0;
421;PULP PINEAPPLE;DRUM;1;1;-;0;WAREHOUSE;TDK;TDK;0;0;6;0;0;0;0;0;
422;PULP PINEAPPLE;CUP 500;1;1;-;50000;PRODUCTION;TDK;TDK;0;0;26;0;0;0;0;0;
423;BENDERA QUICKLY ACRILIC;PCS;1;1;-;0;WAREHOUSE;TDK;TDK;0;5;15;100000;0;0;0;0;
424;ACRILIC BROCHURE TABLE STAND;PCS;1;1;;0;WAREHOUSE;TDK;TDK;0;2;15;100000;0;0;0;0;
425;KAOS CHOCO DINO;PCS;1;1;-;75000;WAREHOUSE;TDK;TDK;0;0;15;75000;0;0;0;0;
426;KAOS SERAGAM QUICKLY ABU-ABU;PCS;1;1;;100000;WAREHOUSE;TDK;TDK;0;0;15;100000;0;0;0;0;
427;KAOS SERAGAM QUICKLY BIRU;PCS;1;1;;100000;WAREHOUSE;TDK;TDK;0;0;15;100000;0;0;0;0;
428;GREEN TEA CHINA;BAG-250 GR;1;1;-;0;WAREHOUSE;TDK;TDK;0;10;4;0;0;0;0;0;
429;XXXXXXXXX;BAG-500 GR;1;1;-;0;WAREHOUSE;TDK;TDK;0;0;1;325000;0;0;0;0;
430;INDOMILK SUSU KENTAL MANIS COKLAT;KALENG;1;1;-;0;WAREHOUSE;YA;TDK;0;256,271186;7;11979;0;0;0;0;6
431;GUODONG MANGO;CUP;1;1;-;15000;PRODUCTION;YA;TDK;0;0;21;12000;0;0;0;0;
432;PULP GREEN TEA;CAN;20;1;-;0;WAREHOUSE;TDK;TDK;0;0;6;167500;0;0;0;0;
433;PULP COFFEE;CAN;20;1;;0;WAREHOUSE;TDK;TDK;0;0;6;167500;0;0;0;0;
434;PUDDING ORIGINAL;BAG-10KG;1;1;;0;WAREHOUSE;YA;TDK;0;0,381356;27;5749184;0;0;0;0;0,031
435;PULP GREEN TEA;CUP-500;20;1;-;50000;PRODUCTION;TDK;TDK;0;0;26;0;0;0;0;0;
436;PULP COFFEE;CUP 500;20;1;-;50000;PRODUCTION;TDK;TDK;0;0;26;0;0;0;0;0;
437;SLUSH PASSION FRUIT;BIN - 13000;13000;500;-;150000;PRODUCTION;YA;YA;0;0;19;130000;0;0;0;0;
438;MACHA MILK;BIN-14;14000;500;-;230000;PRODUCTION;YA;YA;0;0;18;200000;0;0;0;0;
439;MACHA POWDER CONC NON SUGAR;BAG-10 KG;1;1;-;0;WAREHOUSE;TDK;TDK;0;0;27;6160000;0;0;0;0;0,018
440;JAMAICA RUM;BTL-700;1;1;;0;WAREHOUSE;YA;TDK;0;0,762712;8;249800;0;0;0;0;0,011
441;ACRYLIC TISSUE COMBO BOX;PCS;1;1;-;0;WAREHOUSE;YA;TDK;0;2;15;300000;0;0;0;0;
442;SMILING CREAM;BAG - 10 KG;1;1;-;0;WAREHOUSE;YA;TDK;0;0,381356;27;1352011;0;0;0;0;0,031
443;SMILING CREAM;PACK - 250GR;1250;1;;80000;WAREHOUSE;YA;TDK;0;4;1;40000;0;0;0;0;
444;SWEET POTATO BALL POWDER;BAG - 1KG;1;1;;0;WAREHOUSE;TDK;TDK;0;0,381356;1;50000;0;0;0;0;0,008
445;SWEET DICE TARO;KALENG-3KG;1;1;;0;WAREHOUSE;TDK;TDK;0;0;7;0;0;0;0;0;
446;RAMBUT MANIS;TOPLES;1;1;;8000;WAREHOUSE;TDK;TDK;0;0;7;5000;0;0;0;0;
447;CHOCORTE KITKAT;BOX-24PCS;1;1;;200000;WAREHOUSE;TDK;TDK;0;1;7;246960;0;0;0;0;
448;TEPUNG SAGU UBI;PACK-620GR;1;1;;0;WAREHOUSE;TDK;TDK;0;0;1;165000;0;0;0;0;
449;CHOCOLATE BATANG;PACK-250GR;1;1;;36000;WAREHOUSE;TDK;TDK;0;15;7;17500;0;0;0;0;
450;UBI MADU MENTAH;PACK-1KG;1;1;;0;WAREHOUSE;TDK;TDK;0;0;7;7000;0;0;0;0;
451;GREEN BEAN;PACK-1KG;1;1;;0;WAREHOUSE;TDK;TDK;0;0;7;20000;0;0;0;0;
452;RED BEAN;PACK-1KG;1;1;;14000;WAREHOUSE;TDK;TDK;0;5;7;7000;0;0;0;0;
453;KETAN HITAM;PACK-500GR;1;1;;0;WAREHOUSE;TDK;TDK;0;5;7;15000;0;0;0;0;
454;MANGKOK SLURP - 300;SLOP-50;50;1;;40000;WAREHOUSE;YA;TDK;0;0;9;0;0;0;0;0;
455;MANGKOK SLURP - 500;SLOP-50;50;1;;50000;WAREHOUSE;YA;TDK;0;0,491803;9;38000;0;0;0;0;0,006
456;BROWN SUGAR SYRUP;DRUM;1;1;;0;WAREHOUSE;YA;TDK;0;0;3;0;0;0;0;0;
457;ACRILIC ICE;PCS;1;1;;0;WAREHOUSE;TDK;TDK;0;0;15;50000;0;0;0;0;
458;MEMBERCARD;PCS;1;1;-;20000;WAREHOUSE;YA;YA;0;600;11;20000;0;0;0;0;
459;CONC. CAPPUCINO;BOTOL-1250;1250;1;-;400000;PRODUCTION;TDK;TDK;0;0;26;0;0;0;0;0;
460;CONC. MACHA;BOTOL-1250;1250;1;-;400000;PRODUCTION;TDK;TDK;0;0;26;0;0;0;0;0;
461;CONC. TARO;BOTOL-1250;1250;1;;400000;PRODUCTION;TDK;TDK;0;0;26;0;0;0;0;0;
462;CONC. RED MILK TEA;BOTOL-1250;1250;1;;300000;PRODUCTION;TDK;TDK;0;0;26;0;0;0;0;0;
463;CONC. JASMINE MILK TEA;BOTOL-1250;1250;1;-;300000;PRODUCTION;TDK;TDK;0;0;26;0;0;0;0;0;
464;YAM BALL UNGU;GULUNG;1;1;;25000;PRODUCTION;TDK;TDK;0;0;26;0;0;0;0;0;
465;SWEET POTATO BALL;GULUNG;1;1;;20000;PRODUCTION;TDK;TDK;0;0;26;0;0;0;0;0;
466;GREEN BEAN;CUP;1;1;;15000;PRODUCTION;TDK;TDK;0;0;26;0;0;0;0;0;
467;RED BEAN;CUP;1;1;;15000;PRODUCTION;TDK;TDK;0;0;26;0;0;0;0;0;
468;PEANUT;CUP;1;1;;15000;PRODUCTION;TDK;TDK;0;0;26;0;0;0;0;0;
469;LOTUS SEED;CUP;1;1;;50000;PRODUCTION;TDK;TDK;0;0;26;16000;0;0;0;0;
470;HUNKUE;LOYANG;1;1;;25000;PRODUCTION;TDK;TDK;0;0;26;0;0;0;0;0;
471;BLACK GLUTINOUS RICE;CUP;1;1;;15000;PRODUCTION;TDK;TDK;0;0;26;0;0;0;0;0;
472;CHOCOLATE KITKAT;PCS;1;1;;8500;WAREHOUSE;TDK;TDK;0;0;7;13500;0;0;0;0;
473;CHOC CHIP ICE CREAM;PILE 8-L;1;1;;350000;WAREHOUSE;TDK;TDK;0;0;7;154100;0;0;0;0;
474;OGURA ICE CREAM;PILE 8-L;1;1;;350000;WAREHOUSE;TDK;TDK;0;0;7;154100;0;0;0;0;
475;RUM RAISIN ICE CREAM;PILE 8-L;1;1;;350000;WAREHOUSE;TDK;TDK;0;0;7;321818;0;0;0;0;
476;CHOCOLATE BAR TULIP;PCS;1;1;;50000;WAREHOUSE;TDK;TDK;0;0;7;0;0;0;0;0;
477;PUDDING CHOCOLATE (12z);PCS;1;1;-;5000;PRODUCTION;TDK;TDK;0;0;26;5000;0;0;0;0;
478;PUDDING MILK (12z);PCS;1;1;;5000;PRODUCTION;TDK;TDK;0;0;26;5000;0;0;0;0;
479;GRASS JELLY;PAN 1/6;70;1;;0;PRODUCTION;YA;YA;0;0;20;50000;0;0;0;0;
480;GRASS JELLY CETAK;LOYANG-24;1;1;;25000;PRODUCTION;TDK;TDK;0;0;26;25000;0;0;0;0;
481;LOTUS SEED MENTAH;KANTONG-1KG;1;1;-;0;WAREHOUSE;TDK;TDK;0;0;7;250000;0;0;0;0;
482;OREO BISCUIT;ROLL;1;1;-;9000;WAREHOUSE;TDK;TDK;0;12;7;6500;0;0;0;0;
483;STRAWBERRY BUAH;PACK-100;1;1;-;200000;WAREHOUSE;TDK;TDK;0;0;7;200000;0;0;0;0;
484;CASHEW NUT;PACK-250GR;1;1;;87500;WAREHOUSE;TDK;TDK;0;15;7;30833;0;0;0;0;
485;ALMOND SANGRAI;PACK-100GR;1;1;;10000;WAREHOUSE;TDK;TDK;0;0;7;6000;0;0;0;0;
486;MACHA POWDER;BAG-250GR;1;1;;180000;WAREHOUSE;TDK;TDK;0;0;1;162500;0;0;0;0;
487;PEANUT;BAG-500GR;1;1;;40000;WAREHOUSE;TDK;TDK;0;10;7;22000;0;0;0;0;
488;TARO BALL POWDER;BAG-10KG;1;1;;0;WAREHOUSE;TDK;TDK;0;20;1;750000;0;0;0;0;
489;TEPUNG MAIZENA;BAG-1KG;1;1;;0;WAREHOUSE;TDK;TDK;0;2;1;14361;0;0;0;0;
490;SIRUP BLACK SUGAR;DRUM;1;1;;0;WAREHOUSE;TDK;TDK;0;1;3;625000;0;0;0;0;
491;SIRUP BLACK SUGAR;BOTOL-1250;1250;1;;90000;WAREHOUSE;TDK;TDK;0;15;2;75000;0;0;0;0;
492;SIRUP STRAWBERRY TANPA JAM;BTL-1250;1250;1;;75000;WAREHOUSE;YA;TDK;0;8;2;75000;0;0;0;0;
493;ALMOND SANGRAI;PACK-250GR;250;1;-;10000;WAREHOUSE;TDK;TDK;0;1;7;68571;0;0;0;0;
494;PEANUT OIL;BOTOL;1;1;;20000;WAREHOUSE;TDK;TDK;0;1;7;0;0;0;0;0;
495;STRUK KASIR 12Z;ROLL-10;1;1;-;75000;WAREHOUSE;TDK;TDK;0;2;11;75000;0;0;0;0;
496;PLASTIK POLOS;PAK;1;1;;20000;WAREHOUSE;YA;TDK;0;9,533898;9;8000;0;0;0;0;0,125
497;UBI JALAR PUTIH;KG;1;1;;20000;WAREHOUSE;TDK;TDK;0;0;7;7000;0;0;0;0;
498;UBI JALAR UNGU;KG;1;1;;20000;WAREHOUSE;TDK;TDK;0;0;7;20000;0;0;0;0;
499;TEPUNG CAP 2 AYAM;BAG-500GR;1;1;-;0;WAREHOUSE;TDK;TDK;0;0;1;0;0;0;0;0;
500;CAPUCINO POWDER (Coffee Powder for Slush);BAG-10KG;1;1;;0;WAREHOUSE;TDK;TDK;0;1;1;1300000;0;0;0;0;
501;SIRUP KK;BOTOL-1250;1;1;;100000;WAREHOUSE;TDK;TDK;0;0;2;62500;0;0;0;0;
502;COKLAT BATANG;PACK-1KG;1;1;-;50000;WAREHOUSE;TDK;TDK;0;0;7;78360;0;0;0;0;
503;SWEET PEANUT;KALENG;1;1;-;0;WAREHOUSE;TDK;TDK;0;0;7;0;0;0;0;0;
504;SWEET RED BEAN;KALENG;1;1;;0;WAREHOUSE;TDK;TDK;0;0;7;0;0;0;0;0;
505;NEST JELLY POWDER;BAG-10KG;1;1;;0;WAREHOUSE;TDK;TDK;0;0;1;0;0;0;0;0;
506;NEST JELLY POWDER;BAG-250GR;1;1;;50000;WAREHOUSE;TDK;TDK;0;1;1;0;0;0;0;0;
507;ICE POWDER FOR SLUSH;BAG-10KG;1;1;-;2112500;WAREHOUSE;TDK;TDK;6;1;1;2112500;0;0;0;0;
508;SWEET POTATO STARCH;BAG-10KG;1;1;-;500000;WAREHOUSE;TDK;TDK;10;1;1;500000;0;0;0;0;
509;MEMBERCARD READER;PCS;1;1;-;750000;WAREHOUSE;YA;TDK;0;5;15;750000;0;0;0;0;
510;SLUSH RED MILK TEA;BIN-13000;13000;500;-;300000;PRODUCTION;YA;TDK;0;0;19;0;0;0;0;0;
511;SLUSH JASMINE MILK TEA;BIN-13000;13000;500;;300000;PRODUCTION;YA;TDK;0;0;19;0;0;0;0;0;
512;CHOCO NUGGETS;BAG;1;1;;20000;WAREHOUSE;TDK;TDK;0;15;7;10490;0;0;0;0;
513;SIRUP HAZELNUT;DRUM;1;1;-;0;WAREHOUSE;YA;TDK;0;0,381356;27;970000;0;0;0;0;0,011
514;SIRUP HAZELNUT;BTL-1250;1250;1;-;58000;WAREHOUSE;YA;YA;0;8,389831;28;100000;0;0;0;0;0,125
515;ALMOND POWDER;BAG-10KG;250;1;-;1000000;WAREHOUSE;TDK;TDK;0;0;1;1000000;0;0;0;0;
516;BOTOL AQUA 330ML;BAL-100;1;1;;75000;WAREHOUSE;YA;TDK;0;0,762712;9;78000;0;0;0;0;0,031
517;PALM SUGAR ( BIG };KARUNG;1;1;-;500000;WAREHOUSE;YA;TDK;0;5;1;500000;0;0;0;0;
518;PUDDING EGG;BAG-10KG;1;1;;2275000;WAREHOUSE;TDK;TDK;0;0;1;2275000;0;0;0;0;
519;VANILLA RRC;BAG-10KG;1;1;-;2760000;WAREHOUSE;YA;TDK;0;1;1;2760000;0;0;0;0;
520;SWEET POTATO STARCH;BAG-1KG;1;1;;50000;WAREHOUSE;TDK;TDK;0;0;1;50000;0;0;0;0;
521;KONYAKU POWDER QD47;BAG-10KG;1;1;;4000000;WAREHOUSE;YA;TDK;0;0;27;4000000;0;0;0;0;
522;COFFEE POWDER GOURMET;BAG-10KG;1;1;-;3800000;WAREHOUSE;TDK;TDK;0;1,682243;1;3800000;0;0;0;0;
523;COFFEE POWDER NESCAFE ( BIG );BAG-30KG;1;1;-;6000000;WAREHOUSE;TDK;TDK;0;1;1;6000000;0;0;0;0;0,005
524;MILK ULTRA FULL CREAM CHOCOLATE;PACK-1L;1000;1;-;20000;WAREHOUSE;TDK;TDK;0;20;7;15475;0;0;0;0;
525;MANGKOK SLURP - 400;SLOP-50;1;1;-;50000;WAREHOUSE;TDK;TDK;0;0;9;50000;0;0;0;0;
526;SLUSH CAPPUCINO;BIN - 13000;1;1;-;400000;PRODUCTION;YA;YA;0;0;19;400000;0;0;0;0;
527;SIRUP GULA JAWA;BOTOL-1250;1;1;;90000;WAREHOUSE;TDK;TDK;0;1;2;90000;0;0;0;0;
528;ACRILIC RECOMMENDED DRINKS;PCS;1;1;-;100000;WAREHOUSE;TDK;TDK;0;0;15;100000;0;0;0;0;
529;GULA MERAH;KG;1;1;;16000;WAREHOUSE;YA;TDK;0;27,838983;7;16000;0;0;0;0;0,688
530;TOTE BAG;PCS;1;1;;150000;WAREHOUSE;TDK;TDK;0;0;11;150000;0;0;0;0;
531;POUCH;PCS;1;1;;125000;WAREHOUSE;TDK;TDK;0;0;11;15000;0;0;0;0;
532;PUDDING FRUIT;BOX 1/3;70;1;-;55000;PRODUCTION;YA;YA;0;0;20;100000;0;0;0;0;
533;GUODONG KIWI;CUP;1;1;-;15000;PRODUCTION;YA;TDK;0;0;21;12000;0;0;0;0;
534;MJP MANGO;CUP;1;1;-;6000;PRODUCTION;YA;YA;0;0;21;5000;0;0;0;0;
535;MJP HAZELNUT;CUP;1;1;;6000;PRODUCTION;YA;TDK;0;0;21;5000;0;0;0;0;
536;STRAWBERRY SHAKE;BIN-13000;1;1;-;225000;PRODUCTION;YA;YA;0;0;19;225000;0;0;0;0;
537;BUAH CERRY;BAG-500;1;1;-;100000;WAREHOUSE;TDK;TDK;0;0;7;34375;0;0;0;0;
538;RED SUGAR;BOTOL - 1500;1;1;-;20000;PRODUCTION;YA;YA;0;0;26;0;0;0;0;0;
539;AIR MINERAL;BTL-400;1;1;-;5000;WAREHOUSE;TDK;TDK;0;2086,779661;7;2794;0;0;0;0;24,75
540;EARL GREY;BAG-400;1;1;-;0;WAREHOUSE;TDK;TDK;0;0;4;0;0;0;0;0;
541;OOLONG TEA;BAG-400;1;1;;0;WAREHOUSE;TDK;TDK;0;0;4;0;0;0;0;0;
542;ASSAM TEA;BAG-400;1;1;;0;WAREHOUSE;TDK;TDK;0;0;4;0;0;0;0;0;
543;OOLONG MILK TEA;BIN - 14000;14000;500;-;250000;PRODUCTION;TDK;TDK;0;0;18;250000;0;0;0;0;
544;EARL GREY MILK TEA;BIN-14000;14000;500;-;250000;PRODUCTION;TDK;TDK;0;0;18;250000;0;0;0;0;
545;ASSAM MILK TEA;BIN-14000;14000;500;;250000;PRODUCTION;TDK;TDK;0;0;18;250000;0;0;0;0;
546;SLUSH PINEAPPLE;BIN - 13000;14000;500;-;150000;PRODUCTION;YA;YA;0;0;19;0;0;0;0;0;
547;DARJEELING MILK TEA;BIN - 14000;13000;500;-;250000;PRODUCTION;TDK;TDK;0;0;18;250000;0;0;0;0;
548;DARJEELING TEA;BAG-400;1;1;;0;WAREHOUSE;TDK;TDK;0;0;4;0;0;0;0;0;
549;BUMBU KENTANG;BAG-1KG;1;1;-;75000;WAREHOUSE;TDK;TDK;0;0;1;50000;0;0;0;0;
550;HOT COFFEE CUP;SLP-50;50;1;-;35000;WAREHOUSE;YA;YA;0;2,288136;9;50000;0;0;0;0;0,031
551;COFFEE CAPSULE;BOX-16;16;1;;135000;WAREHOUSE;TDK;TDK;0;0;9;115000;0;0;0;0;
552;TEA SACHET;PCS;1;1;;5500;WAREHOUSE;YA;YA;0;80,084746;9;638;0;0;0;0;2,333
553;FRENCH FRIES;PACK-125;1;1;;4000;WAREHOUSE;YA;YA;0;10,29661;28;7500;0;0;0;0;0,188
554;CHICKEN NUGGET;PACK-500GR;1;1;;10000;WAREHOUSE;YA;YA;0;1,144068;9;66600;0;0;0;0;0,094
555;CHOCOLATE CAPSULE;BOX-8PCS;1;1;-;135000;WAREHOUSE;TDK;TDK;0;0;9;115000;0;0;0;0;
556;FRENCH FRIES CUP;SLP-25;25;1;;30000;WAREHOUSE;YA;YA;0;0,762712;9;16500;0;0;0;0;0,031
557;AVOCADO SHAKE;BIN-13000;13000;500;-;225000;PRODUCTION;TDK;TDK;0;0;19;0;0;0;0;0;
558;TUSUK SATE;PACK;1;1;-;80000;WAREHOUSE;TDK;TDK;0;0;9;3000;0;0;0;0;
559;POP MIE AYAM;BOX-24;1;1;;100000;WAREHOUSE;TDK;TDK;0;8;17;82000;0;0;0;0;
560;POP MIE KARI;BOX-24;1;1;;100000;WAREHOUSE;TDK;TDK;0;0;17;3800;0;0;0;0;
561;POP MIE SOTO AYAM;BOX-24;1;1;;100000;WAREHOUSE;TDK;TDK;0;0;17;3800;0;0;0;0;
562;ROTI PLAIN ROLL (ROTI HOTBUN);PACK-6;1;1;;300000;WAREHOUSE;TDK;TDK;0;0;17;1375;0;0;0;0;
563;ROTI PRATA PLAIN;BOX-24;1;1;;700000;WAREHOUSE;TDK;TDK;0;0;17;21681;0;0;0;0;
564;SAOS TOMAT;GALON 5KG;1;1;;150000;WAREHOUSE;TDK;TDK;0;0;17;13480;0;0;0;0;
565;SAOS CABE;GALON-5KG;1;1;;150000;WAREHOUSE;TDK;TDK;0;0;17;27273;0;0;0;0;
566;MAYO MAGIC;3 LTR;1;1;;150000;WAREHOUSE;TDK;TDK;0;0;17;38850;0;0;0;0;
567;SAUSAGE BALL CHEESE;PACK-80;1;1;;160000;WAREHOUSE;TDK;TDK;0;0;17;120000;0;0;0;0;
568;SAUSAGE BALL BLACKPEPPER;PACK-80;1;1;;160000;WAREHOUSE;TDK;TDK;0;0;17;120000;0;0;0;0;
569;SAUSAGE BALL RED ROAST;PACK-80;1;1;;160000;WAREHOUSE;TDK;TDK;0;0;17;120000;0;0;0;0;
570;SAUSAGE BALL SATAY;PACK-80;1;1;;160000;WAREHOUSE;TDK;TDK;0;0;17;120000;0;0;0;0;
571;SAUSAGE BALL SPICY;PACK-80;1;1;;160000;WAREHOUSE;TDK;TDK;0;0;17;120000;0;0;0;0;
572;SAUSAGE BALL BASIL;PACK-80;1;1;;160000;WAREHOUSE;TDK;TDK;0;0;17;120000;0;0;0;0;
573;SAUSAGE JUNIOR CHEESE;500GR-10PCS;1;1;;90000;WAREHOUSE;TDK;TDK;0;0;17;61000;0;0;0;0;
574;SAUSAGE JUNIOR BLACKPEPPER;500GR-10PCS;1;1;;90000;WAREHOUSE;TDK;TDK;0;0;17;61000;0;0;0;0;
575;SAUSAGE JUMBO CHEESE;1KG-12PCS;1;1;;160000;WAREHOUSE;TDK;TDK;0;0;17;120000;0;0;0;0;
576;SAUSAGE JUMBO BLACKPEPPER;1KG-12PCS;1;1;-;160000;WAREHOUSE;TDK;TDK;0;0;17;120000;0;0;0;0;
577;SNACK CUP 16OZ;SLOP-50;1;1;;50000;WAREHOUSE;TDK;TDK;0;0;17;37950;0;0;0;0;
578;SNACK CUP 22OZ;SLOP-50;1;1;;55000;WAREHOUSE;TDK;TDK;0;0;17;41250;0;0;0;0;
579;MIKA PRATA;SLOP-50;1;1;;75000;WAREHOUSE;TDK;TDK;0;0;17;61200;0;0;0;0;
580;KRESEK GOGO PRINTING;PACK;1;1;;35000;WAREHOUSE;TDK;TDK;0;0;17;27500;0;0;0;0;
581;MIX FRUIT GUODONG;CUP;1;1;-;15000;PRODUCTION;YA;YA;0;0;21;2000;0;0;0;0;
582;PASSION FRUIT GUODONG;CUP;1;1;;15000;PRODUCTION;YA;TDK;0;0;21;2000;0;0;0;0;
583;GULAKU;PCS;1;1;-;0;WAREHOUSE;TDK;TDK;0;0;7;162;0;0;0;0;
584;SIRUP MRJ FRUIT PUNCH;BTL;1;1;;0;WAREHOUSE;YA;TDK;0;26,313559;2;21667;0;0;0;0;0,375
585;SIRUP MARJAN MARKISA;BOTOL;1;1;;0;WAREHOUSE;TDK;TDK;0;0;2;19900;0;0;0;0;
586;SAOS CABE;PACK-1KG;1;1;-;0;WAREHOUSE;YA;TDK;0;0,491803;7;25000;0;0;0;0;0,011
587;SAOS TOMAT;PACK-1KG;1;1;;0;WAREHOUSE;YA;TDK;0;0,978261;7;16000;0;0;0;0;0,006
588;MANGKOK SAOS;PACK-200;1;1;;0;WAREHOUSE;YA;YA;0;0,978261;9;18000;0;0;0;0;0,017
589;SEDOTAN COFFEE CUP;PACK-100;100;1;;0;WAREHOUSE;YA;YA;0;0,762712;9;8000;0;0;0;0;0,063
590;STRUK KASIR 1PLY;ROLL-10;1;1;-;0;WAREHOUSE;YA;YA;0;0,614754;11;41000;0;0;0;0;0,011
591;SUS;CUP;1;1;-;0;PRODUCTION;YA;TDK;0;0;26;0;0;0;0;0;
592;ALPUKAT;KG;1;1;-;0;WAREHOUSE;TDK;TDK;0;0;7;0;0;0;0;0;
593;SAYUR LETTUCE;1-KG;1;1;-;0;WAREHOUSE;TDK;TDK;0;0;17;0;0;0;0;0;
594;TISSUE KOTAK;PACK;1;1;-;0;WAREHOUSE;TDK;TDK;0;0;10;0;0;0;0;0;
595;JASMINE GUODONG;CUP;1;1;-;15000;PRODUCTION;TDK;TDK;0;0;21;2000;0;0;0;0;
596;COOKIE CRUSH SHAKE;BIN-13000;13000;500;-;225000;PRODUCTION;YA;YA;0;0;19;0;0;0;0;0;
597;SLUSH MANGO;BIN-13000;13000;500;-;225000;PRODUCTION;YA;YA;0;0;19;225000;0;0;0;0;
598;HOT CHOCOLATE POWDER;PACK- 5 CUP;1;1;-;0;WAREHOUSE;YA;TDK;0;0;9;0;0;0;0;0;
599;GARAM;PACK;1;1;-;0;WAREHOUSE;YA;TDK;0;1,525424;7;3800;0;0;0;0;0,031
600;CHICKEN NUGGET;CARTON;1;1;-;0;WAREHOUSE;TDK;TDK;0;2;9;420000;0;0;0;0;0,011
601;FRENCH FRIES;PACK-2.5KG;1;1;-;0;WAREHOUSE;TDK;TDK;0;3;9;735000;0;0;0;0;0,022
602;PALM SUGAR;BAG- 500GR;500;1;-;0;WAREHOUSE;TDK;TDK;0;3;1;0;0;0;0;0;
603;COFFEE POWDER;BAG- 500GR;500;1;;0;WAREHOUSE;TDK;TDK;0;0;1;45000;0;0;0;0;
604;COFFEE POWDER;PACK- 60GR;60;1;;20000;WAREHOUSE;TDK;TDK;0;7;1;0;0;0;0;0;
605;RED VELVET MILK;BIN - 14000;14000;500;-;0;PRODUCTION;YA;TDK;0;0;18;0;0;0;0;0;
606;RED VELVET POWDER XXXXXXXXXXX;BAG-10KG;1;1;-;0;WAREHOUSE;TDK;TDK;0;30;1;60000;0;0;0;0;
607;CUP MJP LOGO;SLP-50;50;1;-;0;WAREHOUSE;YA;YA;0;68,644068;9;25000;0;0;0;0;0,938
608;SIRUP MARJAN MANGO;BOTOL;1;1;-;0;WAREHOUSE;TDK;TDK;0;10,093458;2;0;0;0;0;0;
609;REFRESNER;BTL - 1500;1;1;-;0;PRODUCTION;YA;YA;0;0;26;0;0;0;0;0;
610;CHOCOLATE XXXXXXXXXXXXX;BTL - 1500;1;1;;0;PRODUCTION;TDK;TDK;0;0;26;0;0;0;0;0;
611;CREAM MILK;BIN-14;14000;500;-;250000;PRODUCTION;YA;YA;0;0;18;105000;0;0;0;0;
612;TIGER SYRUP;BTL-1250;1250;1;;58000;PRODUCTION;YA;YA;0;0;26;24000;0;0;0;0;
613;PANDAN MILK;BIN - 14000;14000;500;-;250000;PRODUCTION;TDK;TDK;0;0;18;0;0;0;0;0;
614;MJP PANDAN;CUP;1;1;;6000;PRODUCTION;YA;YA;0;0;21;5000;0;0;0;0;
615;KONYAKU PANDAN;CUP 500;14;1;;0;PRODUCTION;YA;YA;0;0;26;0;0;0;0;0;
616;SIRUP TARO;BOTOL;1;1;-;0;WAREHOUSE;YA;TDK;0;0;28;0;0;0;0;0;
617;SIRUP TARO;DRUM;1;1;;0;WAREHOUSE;YA;TDK;0;0;27;0;0;0;0;0;
618;SIRUP OKINAWA;BTL-1250;1250;1;;0;WAREHOUSE;YA;YA;0;9;28;0;0;0;0;0;
619;SIRUP OKINAWA;DRUM;1250;1;;0;WAREHOUSE;YA;TDK;0;0,841121;27;0;0;0;0;0;
620;TARO PEARL;CUP;12;1;-;0;PRODUCTION;YA;YA;0;0;26;0;0;0;0;0;
621;BROWN SUGAR POWDER;BAG-10KG;1;1;-;0;WAREHOUSE;YA;TDK;0;11;1;464000;0;0;0;0;0,075
622;BROWN SUGAR POWDER;BAG-250GR;250;1;;0;WAREHOUSE;YA;TDK;0;2;1;11600;0;0;0;0;
623;BROWN SUGAR SYRUP;BTL-1250;1250;1;;0;PRODUCTION;YA;YA;0;0;26;0;0;0;0;0;
624;DARK CHOCOLATE MILK;BIN-14000;1;1;-;0;PRODUCTION;YA;YA;0;0;18;0;0;0;0;0;
625;FORM REKAP ORDER CANCELATION;PACK-10;1;1;;0;WAREHOUSE;YA;TDK;0;0;13;9000;0;0;0;0;
626;SURAT JALAN;PC;1;1;;0;WAREHOUSE;TDK;TDK;0;0;13;0;0;0;0;0;
627;JASMINE MILK;BTL-630;14000;500;;0;PRODUCTION;TDK;TDK;0;0;18;0;0;0;0;0;
628;RED MILK TEA;BTL-630;14000;500;;0;PRODUCTION;TDK;TDK;0;0;18;0;0;0;0;0;
629;TARO MILK;BTL-630;14000;500;;0;PRODUCTION;TDK;TDK;0;0;18;0;0;0;0;0;
630;THAI MILK TEA;BTL-630;14000;500;;0;PRODUCTION;TDK;TDK;0;0;18;0;0;0;0;0;
631;GREENFIELDS FULL CREAM;PACK-1L;1;1;;0;WAREHOUSE;TDK;TDK;0;1;7;0;0;0;0;0;
632;HAND SANITIZER;BTL-250ML;1;1;;0;WAREHOUSE;YA;YA;0;5,338983;28;11000;0;0;0;0;0,031
633;KABEL TIES;PACK;1;1;;7500;WAREHOUSE;YA;TDK;0;2,288136;11;10500;0;0;0;0;0,017
634;PORSTEX;BTL-1L;1;1;;0;WAREHOUSE;YA;TDK;0;0,762712;12;19500;0;0;0;0;0,033
635;KARET GELANG;PACK;1;1;;0;WAREHOUSE;YA;TDK;0;0,381356;9;10000;0;0;0;0;0,031
636;MACHA MILK;BTL-630;14000;500;;0;PRODUCTION;TDK;TDK;0;0;18;0;0;0;0;0;
637;MIE INSTAN;PCS;1;1;;0;WAREHOUSE;YA;YA;0;192,20339;9;4271;0;0;0;0;4,5
638;KOPI SACHET;PCS;1;1;;0;WAREHOUSE;YA;YA;0;12,20339;9;2891;0;0;0;0;1,938
639;JASMINE TEA WITH SUGAR;BOTOL - 1L;1;1;;0;PRODUCTION;YA;TDK;0;0;18;0;0;0;0;0;
640;JASMINE MILK;BOTOL - 1L;1;1;;0;PRODUCTION;YA;TDK;0;0;18;0;0;0;0;0;
641;THAI MILK TEA;BOTOL - 1L;1;1;;0;PRODUCTION;TDK;TDK;0;0;18;0;0;0;0;0;
642;MACHA MILK;BOTOL - 1L;1;1;;0;PRODUCTION;YA;TDK;0;0;18;0;0;0;0;0;
643;TARO MILK;BOTOL - 1L;1;1;;0;PRODUCTION;YA;TDK;0;0;18;0;0;0;0;0;
644;RED MILK TEA;BOTOL - 1L;1;1;;0;PRODUCTION;TDK;TDK;0;0;18;0;0;0;0;0;
645;TIGER MILK;BOTOL - 1L;1;1;;0;PRODUCTION;YA;TDK;0;0;18;0;0;0;0;0;
646;JASMINE TEA NON SUGAR;BOTOL - 1L;1;1;;0;PRODUCTION;YA;TDK;0;0;18;0;0;0;0;0;
647;KONYAKU NATURAL;CUP - 500;70;1;;0;PRODUCTION;YA;YA;0;0;26;0;0;0;0;0;
648;LUWAK COFFEE;PCS;1;1;;0;WAREHOUSE;TDK;TDK;0;0;9;0;0;0;0;0;
649;NESCAFE COFFEE;PCS;1;1;;0;WAREHOUSE;TDK;TDK;0;0;9;0;0;0;0;0;
650;GUODONG CANTALOUPE;CUP;1;1;;15000;PRODUCTION;YA;TDK;0;0;21;2000;0;0;0;0;
651;GUODONG PEACH;CUP;1;1;;15000;PRODUCTION;YA;TDK;0;0;21;2000;0;0;0;0;
652;GUODONG LYCHEE;CUP;1;1;;15000;PRODUCTION;YA;TDK;0;0;21;2000;0;0;0;0;
653;FJP CANTALOUPE;CUP;1;1;;14000;PRODUCTION;TDK;TDK;0;0;22;14000;0;0;0;0;
654;FJP MANGO;CUP;1;1;;0;PRODUCTION;TDK;TDK;0;0;22;0;0;0;0;0;
655;FJP KIWI;CUP;1;1;;0;PRODUCTION;TDK;TDK;0;0;22;0;0;0;0;0;
656;FJP CHAMPAGNE GRAPE;CUP;1;1;;14000;PRODUCTION;TDK;TDK;0;0;22;14000;0;0;0;0;
657;FJP PEACH;CUP;1;1;;0;PRODUCTION;TDK;TDK;0;0;22;0;0;0;0;0;
658;FJP LYCHE;CUP;1;1;;14000;PRODUCTION;TDK;TDK;0;0;22;14000;0;0;0;0;
659;BOTOL 1 LITER;PCS;1;1;;0;WAREHOUSE;YA;YA;0;9,915254;9;6000;0;0;0;0;0,281
660;COFFEE MALACCA;BIN-14;14000;500;;0;PRODUCTION;YA;YA;0;0;18;186000;0;0;0;0;
661;COCONUT JELLY;PAN 1/3;70;1;;0;PRODUCTION;YA;YA;0;0;20;0;0;0;0;0;
662;COCONUT JELLY;PAN 1/6;70;1;;0;PRODUCTION;YA;YA;0;0;20;0;0;0;0;0;
663;FJP COCONUT ;CUP;1;1;;14000;PRODUCTION;YA;YA;0;0;22;14000;0;0;0;0;
664;MAX CREAMER;KOTAK;1;1;;0;WAREHOUSE;YA;TDK;0;106,229508;1;30000;0;0;0;0;1,929
665;WIPOL;KANTONG;1;1;;0;WAREHOUSE;YA;TDK;0;1,525424;12;9300;0;0;0;0;0,031
666;TOP COFFEE;PCS;1;1;;0;WAREHOUSE;YA;TDK;0;28,601695;1;11700;0;0;0;0;0,938
667;COFFEE POWDER NESCAFE;BAG-500GR;1;1;;0;WAREHOUSE;TDK;TDK;0;7,377049;1;0;0;0;0;0;0,134
668;HERSHEY POWDER;PCS;1;1;;0;WAREHOUSE;TDK;TDK;0;5,901639;1;1233177;0;0;0;0;0,031
669;CHOCO NUGGETS;PCS;1;1;;0;WAREHOUSE;TDK;TDK;0;0;9;0;0;0;0;0;
670;FRENCH FRIES;PACK-500GR;1;1;;0;WAREHOUSE;YA;YA;0;3,050847;28;22087;0;0;0;0;0,063
671;CHICKEN NUGGET;PACK;1;1;;0;WAREHOUSE;YA;YA;0;5,338983;28;64900;0;0;0;0;0,094
672;CHOCOLATE SYRUP 1883;JUG-1,8L;1;1;;0;WAREHOUSE;TDK;TDK;0;5,901639;3;265000;0;0;0;0;0,066
673;SIRUP PANDAN;BTL-1250;1250;1;;0;WAREHOUSE;TDK;TDK;0;1;28;0;0;0;0;0;0,036
674;SIRUP MRJ MELON;BTL;1;1;;20000;WAREHOUSE;YA;TDK;0;12,966102;2;22300;0;0;0;0;0,378
675;STRUK THERMAL 80X80;PCS;1;1;;0;WAREHOUSE;YA;TDK;0;8,008475;11;14700;0;0;0;0;0,281
676;STRUK THERMAL 57X80;PCS;1;1;;0;WAREHOUSE;YA;YA;0;17,923729;11;16000;0;0;0;0;0,406
677;SWEET MELON CANTALOUPE PWD;PACK-10KG;1;1;;0;WAREHOUSE;YA;TDK;0;0,381356;27;659672;0;0;0;0;0,008
678;CUP 500 L;SLP-50;50;1;;50000;WAREHOUSE;YA;YA;0;228,050847;9;27500;0;0;0;0;6,531
679;CUP 400 L;SLP-50;50;1;;0;WAREHOUSE;YA;YA;0;59,872881;9;25500;0;0;0;0;1
680;LARGE PEARL L;CARTON-10KG;1;1;;0;WAREHOUSE;YA;TDK;0;0;5;275000;0;0;0;0;0,094
681;GREEN APPLE & CREAM;CUP;1;1;;15000;PRODUCTION;YA;YA;0;0;21;14000;0;0;0;0;
682;MIX FRUIT & CREAM;CUP;1;1;;15000;PRODUCTION;YA;YA;0;0;21;14000;0;0;0;0;
683;LYCHEE TEA GUODONG;CUP;1;1;;15000;PRODUCTION;YA;YA;0;0;21;2000;0;0;0;0;
684;LYCHEE & CREAM;CUP;1;1;;15000;PRODUCTION;YA;YA;0;0;21;14000;0;0;0;0;
685;CHOCOLATE & CREAM;CUP;1;1;;15000;PRODUCTION;YA;YA;0;0;21;14000;0;0;0;0;
686;TARO & CREAM;CUP;1;1;;15000;PRODUCTION;YA;YA;0;0;21;14000;0;0;0;0;
687;PANDAN TEA;BIN-14;14000;500;;0;PRODUCTION;YA;TDK;0;0;18;0;0;0;0;0;
688;COFFEE LATTE;BIN-14;14000;500;;0;PRODUCTION;YA;YA;0;0;18;204000;0;0;0;0;
689;PUDDING MILK;PAN 1/3;70;1;;0;PRODUCTION;YA;YA;0;0;20;50000;0;0;0;0;
690;CREAM MELLOW;BAG-300GR;250;1;;0;PRODUCTION;YA;TDK;0;0;26;10000;0;0;0;0;
691;WHIP CREAM SR;PCS-1LT;1;1;;0;WAREHOUSE;TDK;TDK;0;1,525424;7;56100;0;0;0;0;0,033
692;TELOR XXXXXXXXXXXXXX;BUTIR;1;1;;0;WAREHOUSE;TDK;TDK;0;36,228814;7;2000;0;0;0;0;0,375
693;BUTTER UNSALTED;PCS;1;1;;0;WAREHOUSE;YA;TDK;0;1,144068;7;40900;0;0;0;0;0,025
694;BENG-BENG MINI;PACK-10;10;1;;0;WAREHOUSE;TDK;TDK;0;5,720339;7;9800;0;0;0;0;0,033
695;BISCOFF ;BTL-380GR;1;1;;0;WAREHOUSE;TDK;TDK;0;1,144068;7;61100;0;0;0;0;0,022
696;CARAMEL;BKS-300ML;1250;1;;0;PRODUCTION;TDK;TDK;0;0;26;0;0;0;0;0;
697;COFFEE JELLY;BOX-3L;70;1;;0;PRODUCTION;YA;YA;0;0;26;30000;0;0;0;0;
698;PORTABLE TORCH(ALAT BAKAR);PCS;1;1;;0;WAREHOUSE;TDK;YA;0;0,070175;15;0;0;0;0;0;0,07
699;TTP CUP DOME;SLOP-50;50;1;;0;WAREHOUSE;YA;YA;0;6,864407;9;9000;0;0;0;0;0,033
700;CARAMEL;BTL-1250;1250;1;;0;PRODUCTION;TDK;TDK;0;0;26;0;0;0;0;0;
701;JASMINE MILK CONS;BTL-250;1;1;;0;PRODUCTION;TDK;TDK;0;0;26;0;0;0;0;0;
702;THAI MILK TEA CONS;BTL-250;1;1;;0;PRODUCTION;TDK;TDK;0;0;26;0;0;0;0;0;
703;TARO MILK CONS;BTL-250;1;1;;0;PRODUCTION;TDK;TDK;0;0;26;0;0;0;0;0;
704;MATCHA MILK CONS;BTL-250;1;1;;0;PRODUCTION;TDK;TDK;0;0;26;0;0;0;0;0;
705;COFFEE CONS;BTL-250;1;1;;0;PRODUCTION;TDK;TDK;0;0;26;0;0;0;0;0;
706;NATA DE COCO;BKS;1;1;;0;WAREHOUSE;YA;YA;0;8,008475;7;13200;0;0;0;0;0,017
707;ES PUTAR;PAN 1/3;1;1;;0;PRODUCTION;YA;YA;0;0;26;0;0;0;0;0;
708;BIG STRAW NON LOGO XL;PACK 100;1;1;;0;WAREHOUSE;YA;YA;0;2,288136;9;15000;0;0;0;0;0,033
709;MILO CHOCO BALL;PACK-55GR;1;1;;0;WAREHOUSE;YA;YA;0;0;28;0;0;0;0;0;
710;OREO CRUMB;BAG-1KG;250;8;;0;WAREHOUSE;YA;TDK;0;9,915254;7;69500;0;0;0;0;0,219
711;KOPI GELATIK;BAG-150GR;1;1;;15000;WAREHOUSE;TDK;TDK;0;7,627119;1;15000;0;0;0;0;0,167
712;GUODONG ORANGE;CUP;1;1;;15000;PRODUCTION;YA;YA;0;0;21;2000;0;0;0;0;
713;SABUN SUNLIGHT KITC;KTG-755ML;1;1;;0;WAREHOUSE;TDK;TDK;0;4;12;19000;0;0;0;0;0,078
714;COCONUT SHAKE;BIN-13;13000;500;;225000;PRODUCTION;YA;YA;0;0;19;90000;0;0;0;0;
715;KONYAKU RAINBOW;BOX-3L;70;1;;0;PRODUCTION;YA;YA;0;0;26;0;0;0;0;0;
716;COCONUT;BIJI;1;1;;0;WAREHOUSE;YA;TDK;0;24,40678;7;6000;0;0;0;0;0,25
717;TAPIOKA POWDER;PACK-1KG;1;1;;0;WAREHOUSE;YA;TDK;0;2,478814;7;7500;0;0;0;0;0,016
718;MAIZENA POWDER;PACK-1KG;1;1;;0;WAREHOUSE;YA;TDK;0;1,144068;7;21200;0;0;0;0;0,011
719;DIAMOND MILK;PACK-1L;1;1;;0;WAREHOUSE;YA;YA;0;5,338983;7;17400;0;0;0;0;0,063
720;SENDOK MJP MEDIUM;PACK-100;100;1;;8000;WAREHOUSE;YA;YA;0;5,720339;9;8000;0;0;0;0;0,156
721;SABUN CUCI PIRING MAMA LEMON;PACK-400ML;1;1;;8300;WAREHOUSE;YA;YA;0;12,584746;12;7500;0;0;0;0;0,219
722;SABUN KACA CLING;PACK-425ML;1;1;;3700;WAREHOUSE;YA;YA;0;3,050847;9;3550;0;0;0;0;0,031
723;SABUN LANTAI SOS;PACK-375ML;1;1;;0;WAREHOUSE;YA;YA;0;1;12;5000;0;0;0;0;0,125
724;SMALL STRAW;PACK-100;1;1;;0;WAREHOUSE;YA;YA;0;1,525424;9;5474;0;0;0;0;0,044
725;SABUN CUCI PIRING KITCHEN;JRG-5L;1;1;;0;WAREHOUSE;YA;TDK;0;1;12;47100;0;0;0;0;0,031
726;SIRUP MARJAN MELON;BTL-460ML;460;1;;0;WAREHOUSE;TDK;TDK;0;0;2;0;0;0;0;0;
727;SIRUP MARJAN MELON;BTL-1250ML;1250;1;;0;WAREHOUSE;TDK;TDK;0;4,194915;2;0;0;0;0;0;0,122
728;PREMIX DIAMOND CHOCOLATE;PACK-10L;1;1;;208000;WAREHOUSE;TDK;TDK;0;0,381356;7;208000;0;0;0;0;0,011
729;CONE ICE CREAM XXXXXXXXX;CRTN-300PCS;10;1;;213000;WAREHOUSE;TDK;TDK;0;0,762712;7;212288;0;0;0;0;0,022
730;PREMIX ICE CREAM POWDER TARO;PACK-1620GR;1;1;;232000;WAREHOUSE;YA;YA;0;5,338983;27;232000;0;0;0;0;0,063
731;SUSU UHT FULL CREAM;PACK-1L;1;1;;0;WAREHOUSE;TDK;TDK;0;0,381356;7;21900;0;0;0;0;0,011
732;SUSU FRESH MILK;PACK-1L;1;1;;0;WAREHOUSE;YA;YA;0;6,864407;7;28500;0;0;0;0;0,063
733;CONE ICE CREAM;SLOP-10;10;1;;0;WAREHOUSE;YA;YA;0;21,737288;9;4822;0;0;0;0;0,3
734;TARO PREMIX CAIR;7000GR;7000;1;;0;PRODUCTION;YA;YA;0;0;18;0;0;0;0;0;
735;INDOMILK SUSU KENTAL MANIS COKLAT;POUCH-545;1;1;;0;WAREHOUSE;YA;TDK;0;25,169492;7;15850;0;0;0;0;0,733
736;TARO PREMIX CAIR XXXXXXXX;3500GR;7000;1;;0;PRODUCTION;TDK;TDK;0;0;18;0;0;0;0;0;
737;MACHA POWDER;BAG-10KG;1;1;;0;WAREHOUSE;YA;TDK;0;0;27;6160000;0;0;0;0;0,031
738;MINERAL WATER NESTLE;BTL-600ML;1;1;;0;WAREHOUSE;YA;YA;0;0;7;2381;0;0;0;0;33
739;MJP COFFEE;CUP;1;1;;9000;PRODUCTION;YA;YA;0;0;21;5000;0;0;0;0;
741;STRUK THERMAL 57X38;ROLL;1;1;;4000;WAREHOUSE;YA;YA;0;0;11;2650;0;0;0;0;
742;MILO CHOCO BALL;PACK-300GR;1;1;;0;WAREHOUSE;TDK;TDK;0;0;28;39700;0;0;0;0;
744;BOTOL AQUA 1500ML;BAL-90;1;1;;0;WAREHOUSE;YA;TDK;0;0;9;100000;0;0;0;0;
745;PULP - HEART STRAWBERRY;DRUM;1;1;;0;WAREHOUSE;YA;TDK;0;0;27;1400000;0;0;0;0;
746;PULP - STAR MANGO;DRUM;1;1;;0;WAREHOUSE;YA;TDK;0;0;27;1160000;0;0;0;0;
747;PULP - HEART STRAWBERRY;CUP-500;20;1;;55000;PRODUCTION;YA;YA;0;0;26;55000;55000;0;0;0;
748;PULP - STAR MANGO;CUP-500;20;1;;55000;PRODUCTION;YA;YA;0;0;26;55000;0;0;0;0;
749;SIRUP EARL GREY;DRUM;1;1;;0;WAREHOUSE;YA;TDK;0;0;27;807000;0;0;0;0;
750;SIRUP EARL GREY;BTL-1250;1250;1;;82000;PRODUCTION;YA;YA;0;0;2;0;0;0;0;0;
751;DUMMY PROD;BIN-14000;1;1;;100000;PRODUCTION;YA;TDK;0;0;18;100000;0;0;0;0;1
752;DUMMY WAREHOUSE;PACK;1;1;;50000;WAREHOUSE;YA;TDK;0;0;9;50000;0;0;0;0;1
753;CHITATO;PACK;1;1;;12000;WAREHOUSE;YA;YA;0;0;7;0;0;0;0;0;
754;CHIKI;PACK;1;1;;12000;WAREHOUSE;YA;YA;0;0;7;0;0;0;0;0;
755;RED VELVET POWDER;BAG-10KG;1;1;;0;WAREHOUSE;YA;TDK;0;0;27;0;0;0;0;0;
756;COFFEE PWD NESCAFE;B-90 GR;1;1;;100000;WAREHOUSE;YA;TDK;0;0;1;31900;0;0;0;0;0
757;SUSU BERUANG;KALENG;1;1;;9500;WAREHOUSE;YA;YA;0;0;7;9500;0;0;0;0;
758;COCA COLA;KALENG;1;1;;5500;WAREHOUSE;YA;YA;0;0;7;5500;0;0;0;0;
759;SPRITE;KALENG;1;1;;5500;WAREHOUSE;YA;YA;0;0;7;5500;0;0;0;0;
760;FANTA;KALENG;1;1;;5500;WAREHOUSE;YA;YA;0;0;7;5500;0;0;0;0;
761;SUSU ULTRA COKLAT;KOTAK-250ML;1;1;;4600;WAREHOUSE;YA;YA;0;0;7;4600;0;0;0;0;
762;TEH KOTAK JASMINE;KOTAK-300ML;1;1;;3200;WAREHOUSE;YA;YA;0;0;7;3200;0;0;0;0;
763;FLORIDINA;BOTOL;1;1;;2700;WAREHOUSE;YA;YA;0;0;7;2700;0;0;0;0;
764;YOU-C ORANGE;BOTOL;1;1;;6300;WAREHOUSE;YA;YA;0;0;7;6300;0;0;0;0;
765;MILO SACHET;SACHET;1;1;;3000;WAREHOUSE;YA;YA;0;0;7;3000;0;0;0;0;
766;WAFER TANGO;PAK;1;1;;5000;WAREHOUSE;YA;YA;0;0;7;5000;0;0;0;0;
767;MILO KALENG;KALENG;1;1;;5000;WAREHOUSE;YA;YA;0;0;7;5000;0;0;0;0;
9001;PLASTIK LDPE 03X15X30 KUAH;PACK;1;1;;21000;WAREHOUSE;YA;YA;3;4;90;21000;0;0;0;0;0,028
9002;PLASTIK LDEP 03X20X35 KUAH;PACK;1;1;;21000;WAREHOUSE;YA;YA;4;5;90;21000;0;0;0;0;0,028
9003;LID CUP BESAR;SLOP-50;50;1;;23750;WAREHOUSE;YA;YA;63;10;90;20000;0;0;0;0;0,133
9004;LID CUP KECIL;SLOP-50;50;1;;21250;WAREHOUSE;YA;YA;16;0,461538;90;21250;0;0;0;0;
9005;SENDOK BC;PACK-100;100;1;;20000;WAREHOUSE;YA;YA;231;28;90;11500;0;0;0;0;0,32
9006;MANGKOK SAOS;PACK;1;1;;0;WAREHOUSE;TDK;TDK;0;8;90;0;0;0;0;0;0,088
9007;MANGKOK KENTANG;SLOP-50;1;1;;30000;WAREHOUSE;YA;YA;0;58;90;40000;0;0;0;0;0,646
9008;SAOS SEAFOOD;P-500GR;500;1;;32000;WAREHOUSE;YA;YA;0;25;90;32000;0;0;0;0;0,271
9009;KECAP MANIS;B-500CC;1;1;;0;WAREHOUSE;YA;YA;0;40;90;11000;0;0;0;0;0,398
9010;SAOS CABE BC;P-500GR;500;1;;19000;WAREHOUSE;YA;YA;0;35;90;19000;0;0;0;0;0,376
9011;CUKA DIXIE 25%;BTL;1;1;;0;WAREHOUSE;YA;YA;0;2;90;7000;0;0;0;0;0,028
9012;KECAP;JRG;1;1;;85000;WAREHOUSE;YA;YA;0;0,152174;90;85000;0;0;0;0;
9013;FORM CASHIER TRANSFER B.C;30-LMBR;1;1;;7500;WAREHOUSE;YA;YA;0;2;90;7500;0;0;0;0;0,022
9014;TUSUK BASO CUP;PACK;1;1;;0;WAREHOUSE;YA;YA;0;5;90;9000;0;0;0;0;0,066
9015;MINYAK GORENG 18 LTR;JRG-18 LTR;1;1;;225000;WAREHOUSE;YA;YA;0;1,935484;90;286800;0;0;0;0;
9016;BAWANG GORENG;P-100GR;1;1;;8500;WAREHOUSE;YA;YA;86;62;90;9500;0;0;0;0;0,674
9017;MIE KUNING;PACK-30;1;1;;11500;WAREHOUSE;YA;YA;14;40;90;15000;0;0;0;0;0,453
9018;MIE PUTIH;PACK;1;1;;6000;WAREHOUSE;YA;YA;74;56;90;13000;0;0;0;0;0,547
9019;MINYAK GORENG 2-LTR;2-LTR;1;1;;26150;WAREHOUSE;YA;YA;0;6;90;26150;0;0;0;0;0,077
9020;TELOR ;BIJI;1;1;;0;WAREHOUSE;YA;YA;0;0;90;2000;0;0;0;0;
9021;KACANG GORENG;PACK;1;1;;0;WAREHOUSE;YA;YA;0;0;90;2000;0;0;0;0;
9022;DAUN BAWANG;KG;1;1;;0;WAREHOUSE;YA;YA;0;71;90;15000;0;0;0;0;0,729
9023;JERUK NIPIS;KG;1;1;;18000;WAREHOUSE;YA;YA;3;2;90;18000;0;0;0;0;
9024;BASO REGULER;PACK-50;50;1;;70000;WAREHOUSE;YA;YA;16;102;90;45000;0;0;0;0;1,099
9025;BASO KOTAK / URAT;PACK-50;50;1;;60000;WAREHOUSE;YA;YA;21;77;90;45000;0;0;0;0;0,845
9026;BASO HEMAT;PACK-80;80;1;;44000;WAREHOUSE;YA;YA;52;150;90;40000;0;0;0;0;1,641
9027;TAHU BASO;PACK-25;25;1;;35000;WAREHOUSE;YA;YA;39;92;90;22500;0;0;0;0;0,994
9028;GORENGAN PANJANG;PACK-25;25;1;;41250;WAREHOUSE;YA;YA;8;88;90;37500;0;0;0;0;0,961
9029;GORENGAN PENDEK;PACK-25;25;1;;20000;WAREHOUSE;YA;YA;14;142;90;37500;0;0;0;0;1,514
9030;KUAH BAKSO;P-250ML;250;1;;12000;WAREHOUSE;YA;YA;15;300;90;12000;0;0;0;0;3,215
9031;GARPU BC;PACK-100;1;1;;20000;WAREHOUSE;YA;YA;0;0;90;20000;0;0;0;0;0
9032;FORM STOCK HARIAN BC;PACK-10;1;1;;9000;WAREHOUSE;YA;YA;0;0;90;6000;0;0;0;0;0